Workbook

Sheet MasterData
A1: Status | B1: Number | C1: Region | D1: Node Driver | E1: Identifier | F1: Account locator url | G1: Account url | H1: Account Locator | I1: Node Type | J1: domain | K1: Node subtype | L1: Architecture | M1: Ol Markets Finance | N1: Arch Upgrade Activity | O1: Lean IX ID | P1: ACM | Q1: Azure AD APP name | R1: Azure AD app ID
B2: 1 | C2: Indonesia | E2: ID | F2: https://aw40842.eu-west-1.snowflakecomputing.com | G2: https://pmi-pmi_id.snowflakecomputing.com | H2: AW40842 | I2: GEO | J2: market | K2: One Market | L2: old | M2: Indonesia | N2: Upgrade planned Q1 2026 | O2: LX04339 | P2: TRUE | Q2: Snowflake PMI_ID | R2: 60636c8a-6b2a-4e5f-9517-20d22458d6de
B3: 2 | C3: Thailand | E3: TH | F3: https://gb06260.eu-west-1.snowflakecomputing.com | G3: https://pmi-pmi_th.snowflakecomputing.com | H3: GB06260 | I3: GEO | J3: market | K3: One Market | L3: old | M3: Thailand | N3: Upgrade planned Q2 2026 | O3: LX05920 | P3: TRUE | Q3: Snowflake PMI_TH | R3: b5e39e09-a307-4d84-8df5-68c303ca5b3f
B4: 3 | C4: Spain | E4: ES | F4: https://hd52969.eu-west-1.snowflakecomputing.com | G4: https://pmi-pmi_es.snowflakecomputing.com | H4: HD52969 | I4: GEO | J4: market | K4: Cluster Market | L4: old | M4: Spain Mainland, Andorra, Canary Islands | N4: Upgrade planned Q1 2026 | O4: LX06280 | P4: FALSE | Q4: Snowflake PMI_ES | R4: 567f088e-3732-486c-bfd6-b3a97264536d
B5: 4 | C5: Portugal | E5: PT | F5: https://qs39772.eu-west-1.snowflakecomputing.com | G5: https://pmi-pmi_pt.snowflakecomputing.com | H5: QS39772 | I5: GEO | J5: market | K5: One Market | L5: new | M5: Portugal, Azores, Madeira | N5: Upgrade planned Q2 | O5: LX06001 | P5: TRUE | Q5: Snowflake PMI_PT | R5: 54b1f298-2120-4195-bc36-a9d80bd9062f
B6: 5 | C6: Greece | E6: GR | F6: https://kq46976.eu-west-1.snowflakecomputing.com | G6: https://pmi-pmi_gr.snowflakecomputing.com | H6: KQ46976 | I6: GEO | J6: market | K6: One Market | L6: new | M6: Greece | O6: LX06266 | P6: TRUE | Q6: Snowflake PMI_GR | R6: e3a2bd83-bd6b-4659-9db1-79c607514bc4
B7: 6 | C7: Cyprus | E7: CY | F7: https://us15333.eu-west-1.snowflakecomputing.com | G7: https://pmi-pmi_cy.snowflakecomputing.com | H7: US15333 | I7: GEO | J7: market | K7: One Market | L7: new | M7: Cyprus | N7: Upgrade planned Q3 | O7: LX06265 | P7: TRUE | Q7: Snowflake PMI_CY | R7: b4cf3227-000d-4e7e-995e-d40a8a1589e5
B8: 7 | C8: IDD (Function) | E8: IDD | F8: https://ns74854.eu-west-1.snowflakecomputing.com | G8: https://pmi-pmi_idd.snowflakecomputing.com | H8: NS74854 | I8: FUNC | J8: quality | K8: Functional | L8: old | M8: IDD (Function) | O8: LX07466 | P8: FALSE | Q8: Snowflake PMI_IDD | R8: 685393a1-f698-419e-9005-6675e627301c
B9: 8 | C9: Switzerland | E9: CH | F9: https://lq63147.eu-west-1.snowflakecomputing.com | G9: https://pmi-pmi_ch.snowflakecomputing.com | H9: LQ63147 | I9: GEO | J9: market | K9: One Market | L9: old | M9: Switzerland | N9: Upgrade planned Q2 2026 | O9: LX06264 | P9: TRUE | Q9: Snowflake PMI_CH | R9: 3be97f19-9bb1-4ec2-a25e-7c78ea5641a7
B10: 9 | C10: Eastern Europe | E10: EE | F10: https://uj12390.eu-west-1.snowflakecomputing.com | G10: https://pmi-pmi_ee.snowflakecomputing.com | H10: UJ12390 | I10: GEO | J10: market | K10: Cluster Market | L10: new | M10: Eastern Europe | N10: Upgrade planned Q3 | O10: LX05220 | P10: TRUE | Q10: Snowflake PMI_EE | R10: 4594d452-1cac-4e1a-9d79-8e215693df8d
B11: 10 | C11: Egypt | E11: EG | F11: https://km45799.eu-west-1.snowflakecomputing.com | G11: https://pmi-pmi_eg.snowflakecomputing.com | H11: KM45799 | I11: GEO | J11: market | K11: One Market | L11: old | M11: Egypt, Palestine Auth. Area, Jordan, Lebanon | N11: Upgrade planned Q3 2026 | O11: LX06268 | P11: TRUE | Q11: Snowflake PMI_EG | R11: a97a1293-56db-4be2-a0ef-d74ea3e04b8c
B12: 11 | C12: Australia | E12: AU | F12: https://ux99591.eu-west-1.snowflakecomputing.com | G12: https://pmi-pmi_au.snowflakecomputing.com | H12: UX99591 | I12: GEO | J12: market | K12: Cluster Market | L12: new | M12: Australia, New Zealand | O12: LX04642 | P12: TRUE | Q12: Snowflake PMI_AU | R12: 6d146ed0-8e2e-40be-b89a-5b095e03d4e0
B13: 12 | C13: Kazakhstan | E13: KZ | F13: https://zc94311.eu-west-1.snowflakecomputing.com | G13: https://pmi-pmi_kz.snowflakecomputing.com | H13: ZC94311 | I13: GEO | J13: market | K13: One Market | L13: old/new | M13: Kazakhstan | N13: Upgrade started, new markets in new cluster. KZ still here. | O13: LX04785 | P13: N/A | Q13: Snowflake PMI_KZ | R13: 3f112068-0a99-46f5-8ad4-a8f11b309540
B14: 13 | C14: Mexico | E14: MX | F14: https://sw91921.eu-west-1.snowflakecomputing.com | G14: https://pmi-pmi_mx.snowflakecomputing.com | H14: SW91921 | I14: GEO | J14: market | K14: One Market | L14: new | M14: Mexico | N14: Upgrade planned Q4 | O14: LX06272 | P14: TRUE | Q14: Snowflake PMI_MX | R14: dde02f94-87b8-4f4d-9174-265ed2916c96
B15: 14 | C15: Germany | E15: DE | F15: https://bv97446.eu-west-1.snowflakecomputing.com | G15: https://pmi-pmi_de.snowflakecomputing.com | H15: BV97446 | I15: GEO | J15: market | K15: One Market | L15: old | M15: Germany | N15: Upgrade planned Q1 2026 | O15: LX06269 | P15: TRUE | Q15: Snowflake PMI_DE | R15: 427637f0-c66b-4734-83a8-a47cf418bfe2
B16: 15 | C16: United Kingdom | E16: UK | F16: https://al36445.eu-west-1.snowflakecomputing.com | G16: https://pmi-pmi_uk.snowflakecomputing.com | H16: AL36445 | I16: GEO | J16: market | K16: One Market | L16: new | M16: United Kingdom | N16: yes | O16: LX06270 | P16: TRUE | Q16: Snowflake PMI_UK | R16: 37783c60-59ba-484f-9bed-448f63bcaa01
B17: 16 | C17: Czech Republic, Slovak Republic | E17: CZSK | F17: https://mn17341.eu-west-1.snowflakecomputing.com | G17: https://pmi-pmi_czsk.snowflakecomputing.com | H17: MN17341 | I17: GEO | J17: market | K17: Cluster Market | L17: new | M17: Czech Republic, Slovak Republic | N17: Yes | O17: LX05908 | P17: TRUE | Q17: Snowflake PMI_CZSK | R17: 0d0b259f-1de4-4a54-a86d-66bd950dcf98
B18: 17 | C18: France | E18: FR | F18: https://tb87741.eu-west-1.snowflakecomputing.com | G18: https://pmi-pmi_fr.snowflakecomputing.com | H18: TB87741 | I18: GEO | J18: market | K18: One Market | L18: new | M18: France | N18: Upgrade planned Q3 | O18: LX06271 | P18: TRUE | Q18: Snowflake PMI_FR | R18: a507713d-ecc5-416d-94a3-56ada3e62bd4
B19: 18 | C19: India | E19: IN | F19: https://tz27894.eu-west-1.snowflakecomputing.com | G19: https://pmi-pmi_in.snowflakecomputing.com | H19: TZ27894 | I19: GEO | J19: market | K19: One Market | L19: new | M19: India | N19: Upgrade planned Q4 | O19: LX06273 | P19: TRUE | Q19: Snowflake PMI_IN | R19: 69d46527-d22b-40dd-bbcd-d08b626775d8
A20: Inactive | B20: 19 | C20: Cambodia | E20: KH | F20: https://vp63759.eu-west-1.snowflakecomputing.com | G20: https://pmi-pmi_kh.snowflakecomputing.com | H20: VP63759 | I20: GEO | J20: market | K20: One Market | L20: old | M20: FMG Cluster, Cambodia, Bangladesh, Nepal, Maledives | N20: decom | O20: LX06284 | P20: TRUE | Q20: Snowflake PMI_KH | R20: 223ad18b-c632-43ef-a732-4feda868e94c
B21: 20 | C21: Georgia | E21: GE | F21: https://po26476.eu-west-1.snowflakecomputing.com | G21: https://pmi-pmi_ge.snowflakecomputing.com | H21: PO26476 | I21: GEO | J21: market | K21: One Market | L21: new | M21: Georgia | N21: Yes, | O21: LX05216 | P21: TRUE | Q21: Snowflake PMI_GE | R21: 79952c6d-8439-4089-9b37-ffc82dd969e8
B22: 21 | C22: Moldova | E22: MD | F22: https://te25998.eu-west-1.snowflakecomputing.com | G22: https://pmi-pmi_md.snowflakecomputing.com | H22: TE25998 | I22: GEO | J22: market | K22: One Market | L22: new | M22: Moldova | N22: Upgrade planned Q4 | O22: LX05215 | P22: TRUE | Q22: Snowflake PMI_MD | R22: 87ffea58-136b-4b7d-bd75-80ff558038ec
B23: 22 | C23: Armenia | E23: AM | F23: https://mz13437.eu-west-1.snowflakecomputing.com | G23: https://pmi-pmi_am.snowflakecomputing.com | H23: MZ13437 | I23: GEO | J23: market | K23: One Market | L23: new | M23: Armenia | N23: Yes, | O23: LX05217 | P23: TRUE | Q23: Snowflake PMI_AM | R23: d66483cb-628e-446b-90c6-9c8101fce024
B24: 23 | C24: Bulgaria | E24: BG | F24: https://jx90695.eu-west-1.snowflakecomputing.com | G24: https://pmi-pmi_bg.snowflakecomputing.com | H24: JX90695 | I24: GEO | J24: market | K24: One Market | L24: new | M24: Bulgaria | N24: Yes, | O24: LX06285 | P24: TRUE | Q24: Snowflake PMI_BG | R24: 9cfec623-d0c7-4b6e-9073-d5b9c8d9ae03
B25: 24 | C25: Ukraine | E25: UA | F25: https://fu70038.eu-west-1.snowflakecomputing.com | G25: https://pmi-pmi_ua.snowflakecomputing.com | H25: FU70038 | I25: GEO | J25: market | K25: One Market | L25: new | M25: Ukraine | N25: Yes, | O25: LX05219 | P25: TRUE | Q25: Snowflake PMI_UA | R25: 0e818fb9-56e7-4314-ad7d-a849a5200710
A26: Inactive | B26: 25 | C26: Lithuania | E26: LT | F26: https://yq71574.eu-west-1.snowflakecomputing.com | G26: https://pmi-pmi_lt.snowflakecomputing.com | H26: YQ71574 | I26: GEO | J26: market | K26: One Market | L26: old | M26: Lithuania | N26: No upgrade needed. | O26: LX06274 | P26: N/A | Q26: Snowflake PMI_LT | R26: 87848ce8-132a-42c3-ac79-0ff6804f8565
A27: Inactive | B27: 26 | C27: Latvia | E27: LV | F27: https://tj20300.eu-west-1.snowflakecomputing.com | G27: https://pmi-pmi_lv.snowflakecomputing.com | H27: TJ20300 | I27: GEO | J27: market | K27: One Market | L27: old | M27: Latvia | N27: No upgrade needed. | O27: LX06286 | P27: N/A | Q27: Snowflake PMI_LV | R27: c1954344-2c94-4a67-9888-dd28c0a735b6
B28: 27 | C28: Pakistan | E28: PK | F28: https://zr99368.eu-west-1.snowflakecomputing.com | G28: https://pmi-pmi_pk.snowflakecomputing.com | H28: ZR99368 | I28: GEO | J28: market | K28: One Market | L28: old | M28: Pakistan | N28: Upgrade planned Q1 2026 | O28: LX06094 | P28: TRUE | Q28: Snowflake PMI_PK | R28: a64b24ee-e8fa-4412-b1dc-c2cb66016cac
B29: 28 | C29: Philippines | E29: PH | F29: https://kg15403.eu-west-1.snowflakecomputing.com | G29: https://pmi-pmi_ph.snowflakecomputing.com | H29: KG15403 | I29: GEO | J29: market | K29: One Market | L29: old | M29: Philippines | N29: Upgrade planned Q2 2026 | O29: LX06276 | P29: TRUE | Q29: Snowflake PMI_PH | R29: a64b24ee-e8fa-4412-b1dc-c2cb66016cac
A30: Inactive | B30: 29 | C30: Estonia | E30: ET | F30: https://tl15301.eu-west-1.snowflakecomputing.com | G30: https://pmi-pmi_et.snowflakecomputing.com | H30: TL15301 | I30: GEO | J30: market | K30: One Market | L30: old | M30: Estonia | N30: No upgrade needed. | O30: LX06275 | P30: N/A | Q30: Snowflake PMI_ET | R30: 3767fa74-399d-4501-b348-aae36086664d
B31: 30 | C31: Duty Free | E31: FDF | F31: https://pl47603.eu-west-1.snowflakecomputing.com | G31: https://pmi-pmi_fdf.snowflakecomputing.com | H31: PL47603 | I31: GEO | J31: market | K31: Data domain | L31: old | M31: Duty Free/Global Travel retail, PMIDF | N31: Upgrade planned Q3 2026 | O31: LX06287 | P31: TRUE | Q31: Snowflake PMI_FDF | R31: 09887791-ff27-4256-9f48-7409dba50057
B32: 31 | C32: Enterprise Data & Analytics | E32: FEA | F32: https://ng38395.eu-west-1.snowflakecomputing.com | G32: https://pmi-pmi_fea.snowflakecomputing.com | H32: NG38395 | I32: DEVT | J32: DEVT | K32: Development | L32: old | M32: Enterprise Data & Analytics | O32: LX06253 | P32: TRUE | Q32: Snowflake PMI_FEA | R32: e406408f-76f0-47e9-aafa-a62713181ef3
B33: 32 | C33: MEA Regional Account | E33: RME | F33: https://zd75676.eu-west-1.snowflakecomputing.com | G33: https://pmi-pmi_rme.snowflakecomputing.com | H33: ZD75676 | I33: GEO | J33: market | K33: Cluster Market | L33: old | M33: MEA Regional Account | N33: Upgrade planned Q4 2026 | O33: LX06281 | P33: TRUE | Q33: Snowflake PMI_RME | R33: 13e14491-779a-4bad-b283-4de0ddcfafe5
A34: Inactive | B34: 33 | C34: OPS Functional Operations | E34: FOP | F34: https://vq84467.eu-west-1.snowflakecomputing.com | G34: https://pmi-pmi_fop.snowflakecomputing.com | H34: VQ84467 | J34: Operations | K34: Data domain | L34: old | M34: OPS Functional Operations | N34: Decomm | O34: LX06282 | P34: N/A
A35: Inactive | B35: 34 | C35: United States | E35: PMI_US_PHASE_1 | F35: https://sr12280.eu-west-1.snowflakecomputing.com | G35: https://pmi-pmi_us_phase_1.snowflakecomputing.com | H35: SR12280 | J35: market | K35: One Market | L35: new | M35: USA | N35: Node migrated to US region to XDB62269. | O35: LX05918 | P35: N/A
B36: 35 | C36: Andean | E36: RAN | F36: https://xp62606.eu-west-1.snowflakecomputing.com | G36: https://pmi-pmi_ran.snowflakecomputing.com | H36: XP62606 | I36: GEO | J36: market | K36: Cluster Market | L36: new | M36: Andean, Peru, Venezuela, Colombia, Ecuador | N36: Upgrade planned Q4 | O36: LX04764 | P36: TRUE | Q36: Snowflake PMI_RAN | R36: 1442105f-b427-42fe-aa66-a9b86f1740c0
B37: 36 | C37: Italy | E37: IT | F37: https://co95291.eu-west-1.snowflakecomputing.com | G37: https://pmi-pmi_it.snowflakecomputing.com | H37: CO95291 | I37: GEO | J37: market | K37: One Market | L37: new | M37: Italy | N37: Upgrade planned Q2 | O37: LX06289 | P37: TRUE | Q37: Snowflake PMI_IT | R37: 8ff3b7a0-b498-4a5c-a244-c595ad785007
A38: Inactive | B38: 37 | C38: Hungary | E38: HU | F38: https://wn52114.eu-west-1.snowflakecomputing.com | G38: https://pmi-pmi_hu.snowflakecomputing.com | H38: WN52114 | K38: One Market | L38: old | M38: Hungary | N38: Decomm. | P38: N/A
B39: 38 | C39: Poland | E39: PL | F39: https://qs62429.eu-west-1.snowflakecomputing.com | G39: https://pmi-pmi_pl.snowflakecomputing.com | H39: QS62429 | I39: GEO | J39: market | K39: One Market | L39: new | M39: Poland | O39: LX06066 | P39: True | Q39: Snowflake PMI_PL | R39: da8a31c1-87bc-48e3-8267-8ad368da36b8
B40: 39 | C40: Austria | E40: AT | F40: https://jp13634.eu-west-1.snowflakecomputing.com | G40: https://pmi-pmi_at.snowflakecomputing.com | H40: JP13634 | I40: GEO | J40: market | K40: One Market | L40: new | M40: Austria | N40: Upgrade planned Q3 | O40: LX06277 | P40: TRUE | Q40: Snowflake PMI_AT | R40: ed11b418-dd4e-4b5c-8b09-0fe55851d149
B41: 40 | C41: Morocco | E41: MA | F41: https://gt52354.eu-west-1.snowflakecomputing.com | G41: https://pmi-pmi_ma.snowflakecomputing.com | H41: GT52354 | I41: GEO | J41: market | K41: Cluster Market | L41: old | M41: Morocco, Algeria, Tunisia, Libya | N41: Upgrade planned Q4 2026 | O41: LX06279 | P41: TRUE | Q41: Snowflake PMI_MA | R41: 75d73444-fbe2-4303-b61e-8f921f45e8c3
B42: 41 | C42: Canada | E42: CA | F42: https://in38741.eu-west-1.snowflakecomputing.com | G42: https://pmi-pmi_ca.snowflakecomputing.com | H42: IN38741 | I42: GEO | J42: market | K42: One Market | L42: new | M42: Canada, Canada New | N42: Yes | O42: LX05923 | P42: TRUE | Q42: Snowflake PMI_CA | R42: a0e5214c-5357-42d3-9b51-4eb7de69caff
B43: 42 | C43: Malaysia and Singapore | E43: CMY | F43: https://ls15602.eu-west-1.snowflakecomputing.com | G43: https://pmi-pmi_cmy.snowflakecomputing.com | H43: LS15602 | I43: GEO | J43: market | K43: Cluster Market | L43: new | M43: Malaysia, Singapore | O43: LX05954 | P43: TRUE | Q43: Snowflake PMI_MY | R43: 4680dfec-dd92-49d2-bfdf-3778c0220d86
A44: Inactive | B44: 43 | C44: Commercial | E44: FCM | F44: https://zf15111.eu-west-1.snowflakecomputing.com | G44: https://pmi-pmi_fcm.snowflakecomputing.com | H44: ZF15111 | L44: - | P44: N/A
A45: Inactive | B45: 44 | C45: Consumer | E45: FCO | F45: https://oh58428.eu-west-1.snowflakecomputing.com | G45: https://pmi-pmi_fco.snowflakecomputing.com | H45: OH58428 | L45: - | P45: N/A
B46: 45 | C46: Admin Node | E46: FAD | F46: https://lq22027.eu-west-1.snowflakecomputing.com | G46: https://pmi-pmi_fad.snowflakecomputing.com | H46: LQ22027 | I46: ADM | J46: ADM | K46: Admin | L46: new | M46: Admin Node | O46: LX07707 | P46: TRUE | Q46: Snowflake PMI_FAD | R46: d651ed24-7145-4a83-b9cc-af41e960f241
B47: 46 | C47: Supply Chain | E47: SPCH | F47: https://fo55901.eu-west-1.snowflakecomputing.com | G47: https://pmi-pmi_spch.snowflakecomputing.com | H47: FO55901 | I47: FUNC | J47: Operations | K47: Data domain | L47: new | M47: Supply Chain | O47: LX06290 | P47: TRUE | Q47: Snowflake PMI_SPCH | R47: c3ab08a5-6908-47b3-8b3e-8499e4f12ba8
B48: 47 | C48: Functional Capability | E48: FCT | F48: https://id00779.eu-west-1.snowflakecomputing.com | G48: https://pmi-pmi_fct.snowflakecomputing.com | H48: ID00779 | I48: DEVT | J48: DEVT | K48: Development | L48: new | M48: Functional Capability | O48: LX06764 | P48: TRUE | Q48: Snowflake PMI_FCT | R48: ea58b2e7-b1f0-40cd-8e3e-bfa170632386
B49: 48 | C49: Functional Capability Development | E49: FCD | F49: https://mh71026.eu-west-1.snowflakecomputing.com | G49: https://pmi-pmi_fcd.snowflakecomputing.com | H49: MH71026 | I49: DEVT | J49: DEVT | K49: Development | L49: new | M49: Functional Capability Development | O49: LX06763 | P49: TRUE | Q49: Snowflake PMI_FCD | R49: d5b934b8-071f-48b6-bcb7-0bd1ff334b5f
B50: 49 | C50: Finance | E50: FINC | F50: https://ta16206.eu-west-1.snowflakecomputing.com | G50: https://pmi-pmi_finc.snowflakecomputing.com | H50: TA16206 | I50: FUNC | J50: corporate | K50: Data domain | L50: new | M50: Finance | O50: LX06253 | P50: TRUE | Q50: Snowflake PMI_FINC | R50: 7dde77ec-61af-4946-9847-c45ffa0eb992
B51: 50 | C51: Sustainability | E51: SUST | F51: https://zi04172.eu-west-1.snowflakecomputing.com | G51: https://pmi-pmi_sust.snowflakecomputing.com | H51: ZI04172 | I51: FUNC | J51: engagement | K51: Subject area | L51: new | M51: Sustainability | O51: LX06256 | P51: TRUE | Q51: Snowflake PMI_SUST | R51: 7ef4a4a1-26ca-4855-bcfe-0616f59f5a59
B52: 51 | C52: InfoSec | E52: INSC | F52: https://ow44607.eu-west-1.snowflakecomputing.com | G52: https://pmi-pmi_insc.snowflakecomputing.com | H52: OW44607 | I52: FUNC | J52: corporate | K52: Subject area | L52: new | M52: InfoSec | O52: LX06254 | P52: TRUE | Q52: Snowflake PMI_INSC | R52: dbfadb96-8dfd-4487-b7ae-b0f7ee91d2bb
B53: 52 | C53: People & Culture | E53: PNCL | F53: https://pf10876.eu-west-1.snowflakecomputing.com | G53: https://pmi-pmi_pncl.snowflakecomputing.com | H53: PF10876 | I53: FUNC | J53: corporate | K53: Data domain | L53: new | M53: People & Culture | O53: LX06255 | P53: TRUE | Q53: Snowflake PMI_PNCL | R53: 51517ba7-4778-4aa3-9114-296040d911d8
B54: 53 | C54: IT Management | E54: ITMG | F54: https://qu74988.eu-west-1.snowflakecomputing.com | G54: https://pmi-pmi_itmg.snowflakecomputing.com | H54: QU74988 | I54: FUNC | J54: corporate | K54: Subject area | L54: new | M54: IT Management | O54: LX06252 | P54: TRUE | Q54: Snowflake PMI_ITMG | R54: cb84fa62-55e1-4994-86e7-0ab2ad733cb2
B55: 54 | C55: Life Science | E55: LFSC | F55: https://mi02080.eu-west-1.snowflakecomputing.com | G55: https://pmi-pmi_lfsc.snowflakecomputing.com | H55: MI02080 | I55: FUNC | J55: engagement | K55: Data domain | L55: new | M55: Life Science | O55: LX06476 | P55: TRUE | Q55: Snowflake PMI_LFSC | R55: 3138973b-c01f-42d5-8852-bf9c8cdd00f6
B56: 55 | C56: South Africa | E56: ZA | F56: https://jc24096.eu-west-1.snowflakecomputing.com | G56: https://pmi-pmi_za.snowflakecomputing.com | H56: JC24096 | I56: GEO | J56: market | K56: Cluster Market | L56: new | M56: South Africa | O56: LX06727 | P56: TRUE | Q56: Snowflake PMI_ZA | R56: 59f2260a-8d23-4c4a-a2ff-483803ff6f3c
B57: 56 | C57: Taiwan | E57: TW | F57: https://tq34613.eu-west-1.snowflakecomputing.com | G57: https://pmi-pmi_tw.snowflakecomputing.com | H57: TQ34613 | I57: GEO | J57: market | K57: One Market | L57: new | M57: Taiwan | O57: LX06762 | P57: TRUE | Q57: Snowflake PMI_TW | R57: 1673b15a-8e8f-4a0c-9306-90e571952fbe
... B59: 58 | C59: Cluster Middle East | E59: CME | F59: https://nv50168.eu-west-1.snowflakecomputing.com | G59: https://pmi-pmi_cme.snowflakecomputing.com | H59: NV50168 | I59: GEO | J59: market | K59: Cluster Market | L59: new | M59: Cluster Middle East, UAE, Kuwait, Bahrain, Oman, Saudi Arabia, Iraq, Qatar | O59: LX06936 | P59: TRUE | Q59: Snowflake PMI_CME | R59: 2e57985a-e426-4a08-8016-127c24faefb7
B60: 59 | C60: Risk and Assurance | E60: RISK | F60: https://cy30658.eu-west-1.snowflakecomputing.com | G60: https://pmi-pmi_risk.snowflakecomputing.com | H60: CY30658 | I60: FUNC | J60: corporate | K60: Data domain | L60: new | M60: Risk and Assurance | O60: LX07029 | P60: TRUE | Q60: Snowflake PMI_RISK | R60: 447a6a74-e899-452c-8c4a-367912f5fa71
B61: 60 | C61: Azerbaijan | E61: AZ | F61: https://mu28789.eu-west-1.snowflakecomputing.com | G61: https://pmi-pmi_az.snowflakecomputing.com | H61: MU28789 | I61: GEO | J61: market | K61: One Market | L61: new | M61: Azerbaijan | O61: LX06967 | P61: TRUE | Q61: Snowflake PMI_AZ | R61: d5fda03a-304b-40fb-87a5-4dfddd133575
B62: 61 | C62: Corporate | E62: CORP | F62: https://go71735.eu-west-1.snowflakecomputing.com | G62: https://pmi-pmi_corp.snowflakecomputing.com | H62: GO71735 | I62: FUNC | J62: corporate | K62: Subject area | L62: new | M62: Corporate | O62: LX07050 | P62: TRUE | Q62: Snowflake PMI_CORP | R62: 509c5b82-c8c0-4ffa-84f8-e0999fa59e11
B63: 62 | C63: Cluster Nordics | E63: CNRD | F63: https://ea17288.eu-west-1.snowflakecomputing.com | G63: https://pmi-pmi_cnrd.snowflakecomputing.com | H63: EA17288 | I63: GEO | J63: market | K63: Cluster Market | L63: new | M63: Cluster Nordics, Norway, Iceland, Sweden, Denmark | O63: LX07191 | P63: TRUE | Q63: Snowflake PMI_CNRD | R63: ebaec386-ef78-438b-a168-0f90e7ef496b
B64: 63 | C64: Cluster Benelux | E64: CBNL | F64: https://kc62702.eu-west-1.snowflakecomputing.com | G64: https://pmi-pmi_cbnl.snowflakecomputing.com | H64: KC62702 | I64: GEO | J64: market | K64: Cluster Market | L64: new | M64: Netherlands, Belgium, Luxembourg | O64: LX07190 | P64: TRUE | Q64: Snowflake PMI_CBNL | R64: 37782475-cbe7-46a8-892c-1015a72b84f8
B65: 64 | C65: Japan | E65: JP | F65: https://nb65125.eu-west-1.snowflakecomputing.com | G65: https://pmi-pmi_jp.snowflakecomputing.com | H65: NB65125 | I65: GEO | J65: market | K65: One Market | L65: new | M65: Japan | O65: LX07263 | P65: TRUE | Q65: Snowflake PMI_JP | R65: 984662c8-c5e2-4033-831a-b25abb01dd7b
B66: 65 | C66: Global Leaf & Product Development | E66: GLPD | F66: https://cb61650.eu-west-1.snowflakecomputing.com | G66: https://pmi-pmi_glpd.snowflakecomputing.com | H66: CB61650 | I66: FUNC | J66: operations | K66: data domain | L66: new | N66: Migrated from FOP. | O66: LX07286 | P66: TRUE | Q66: Snowflake PMI_GLPD | R66: 35739b00-f049-4645-8f0e-e8db6330995d
B67: 66 | C67: Brazil | E67: BR | F67: https://uk00838.eu-west-1.snowflakecomputing.com | G67: https://pmi-pmi_br.snowflakecomputing.com | H67: UK00838 | I67: GEO | J67: market | K67: One Market | L67: new | M67: Brazil | O67: LX07278 | P67: TRUE | Q67: DPaaS Geographical Node - Brazil (BR) - Snowflake PMI_BR - All_ENV | R67: 2d84d278-d7ec-46aa-ad7d-3c12ce9d022e
B68: 67 | C68: Cluster South East Europe | E68: CSEE | F68: https://nj29393.eu-west-1.snowflakecomputing.com | G68: https://pmi-pmi_csee.snowflakecomputing.com | H68: NJ29393 | I68: GEO | J68: market | K68: Cluster Market | L68: new | M68: Cluster South East Europe, Albania, Bosnia and Herzegovina, Montenegro, North Macedonia, Serbia, Kosovo | O68: LX07247 | P68: TRUE | Q68: DPaaS Geographical Node - Cluster South East Europe (CSEE) - Snowflake PMI_CSEE - All_ENV | R68: e2e169e0-9723-4994-ad17-fa75f8d65a52
B69: 68 | C69: Procurement | E69: PROC | F69: https://xn14504.eu-west-1.snowflakecomputing.com | G69: https://pmi-pmi_proc.snowflakecomputing.com | H69: XN14504 | I69: FUNC | J69: operations | K69: Functional | L69: new | O69: LX07249 | P69: TRUE | Q69: DPaaS Functional Node - Procurement (PROC) - Snowflake PMI_PROC - All_ENV | R69: 8098d654-c3e0-4e01-9cb9-6e6377e89803
B70: 69 | C70: Cluster Croatia Slovenia | E70: CCSL | F70: https://tx15762.eu-west-1.snowflakecomputing.com | G70: https://pmi-pmi_ccsl.snowflakecomputing.com | H70: TX15762 | I70: GEO | J70: market | K70: Cluster Market | L70: new | M70: Croatia, Slovenia | O70: LX07379 | P70: TRUE | Q70: DPaaS Geographical Node – Cluster Croatia Slovenia (CCSL) - Snowflake PMI_CCSL - All_ENV | R70: aa384b28-abd8-4f0f-a7cd-2e2222e1d090
B71: 70 | C71: Israel | E71: IL | F71: https://rp81237.eu-west-1.snowflakecomputing.com | G71: https://pmi-pmi_il.snowflakecomputing.com | H71: RP81237 | I71: GEO | J71: market | K71: One Market | L71: new | M71: Israel | O71: LX07255 | P71: TRUE | Q71: DPaaS Geographical Node - Israel (IL) - Snowflake PMI_IL - All_ENV | R71: 2f0dba37-3025-4e17-9062-74267bd58d9a
B72: 71 | C72: Cluster Baltics | E72: CBLT | F72: https://ra68910.eu-west-1.snowflakecomputing.com | G72: https://pmi-pmi_cblt.snowflakecomputing.com | H72: RA68910 | I72: GEO | J72: market | K72: Cluster | L72: new | M72: Lithuania, Estonia, Latvia | O72: LX07506 | P72: TRUE | Q72: DPaaS Geographical Node - Cluster Baltics (CBLT) - Snowflake PMI_CBLT - All_ENV | R72: e503fb1d-aa28-45f4-8859-13029878a948
B73: 72 | C73: Data Platform Sandbox | E73: DPS | F73: https://cg05559.eu-west-1.snowflakecomputing.com | G73: https://pmi-pmi_dps.snowflakecomputing.com | H73: CG05559 | I73: DEVT | J73: DEVT | K73: Development | L73: new | O73: LX07762 | P73: TRUE | Q73: DPaaS Development/Testing Node - Data Platform Sandbox (DPS) - Snowflake PMI_DPS - All_ENV | R73: 1015b2d9-c6e6-46e7-b8d3-9da7864fb17b
B74: 73 | C74: Turkey | E74: TR | F74: https://od54613.eu-west-1.snowflakecomputing.com | G74: https://pmi-pmi_tr.snowflakecomputing.com | H74: OD54613 | I74: GEO | J74: market | K74: One Market | L74: new | M74: Turkey | O74: LX07697 | P74: True | Q74: DPaaS Geographical Node – Turkey (TR) - Snowflake PMI_TR - All_ENV | R74: fb53da86-422e-4246-a392-8ab015d3aabf
B75: 74 | C75: United States | E75: US | F75: https://xdb62269.us-east-1.snowflakecomputing.com | G75: https://pmi-pmi_us.snowflakecomputing.com | H75: XDB62269 | I75: GEO | J75: market | K75: One Market | L75: new | M75: United States | N75: While migrating to a new region of the US | O75: LX05918 | P75: TRUE | Q75: DPaaS Geographical Node – United States (US) - Snowflake PMI_US - All_ENV | R75: f5c2b1a1-72b0-4fc2-929e-b3af9bd3f47a
B76: 75 | C76: Data Platform Testing | E76: DPT | F76: https://di36161.eu-west-1.snowflakecomputing.com | G76: https://pmi-pmi_dpt.snowflakecomputing.com | H76: DI36161 | I76: DEVT | J76: DEVT | K76: Development | L76: new | O76: LX07765 | P76: TRUE | Q76: DPaaS Development Node - Data Platform Testing (DPT) - Snowflake PMI_DPT - All_ENV | R76: ef285d5f-750b-4951-b407-debf82c1fed0
B77: 76 | C77: Caricam | E77: CCAR | F77: https://po50287.eu-west-1.snowflakecomputing.com | G77: https://pmi-pmi_ccar.snowflakecomputing.com | H77: PO50287 | I77: GEO | J77: market | K77: Cluster Market | L77: new | O77: LX07965 | P77: TRUE | Q77: DPaaS Geographical Node - CARICAM (CCAR) - Snowflake PMI_CCAR - All_ENV | R77: 8e99eb8f-0d97-496e-86ca-d3eef820845a
B78: 77 | C78: Manufacturing | E78: MNFG | F78: https://mr13713.eu-west-1.snowflakecomputing.com | G78: https://pmi-pmi_mnfg.snowflakecomputing.com | H78: MR13713 | I78: FUNC | J78: operations | K78: Functional | L78: new | M78: Manufacturing | O78: LX08046 | P78: TRUE | Q78: DPaaS Functional Node - Manufacturing(MNFG) - Snowflake PMI_MNFG - All_ENV | R78: db457978-7cad-4665-a3c3-82d24f27d029
B79: 78 | C79: Research and Development | E79: CRND | F79: https://le81907.eu-west-1.snowflakecomputing.com | G79: https://pmi-pmi_crnd.snowflakecomputing.com | H79: LE81907 | I79: FUNC | J79: operations | K79: Functional | L79: new | M79: Research and Development | O79: LX08125 | P79: TRUE | Q79: DPaaS Functional Node - Research and Development(CRND) - Snowflake PMI_CRND - All_ENV | R79: f3a640dc-3344-4973-a74f-7d94c74ef8e3
B80: 79 | C80: Korea | E80: KR | F80: https://le90284.eu-west-1.snowflakecomputing.com | G80: https://pmi-pmi_kr.snowflakecomputing.com | H80: LE90284 | I80: GEO | J80: market | K80: One Market | L80: new | M80: Korea | O80: LX07435 | P80: FALSE | Q80: DPaaS Geographical Node - KOREA (KR) - Snowflake PMI_KR - All_ENV | R80: e3b0be2e-56e3-48d3-b968-bda95d36da4b
B81: 80 | C81: Aspeya | E81: FAS | F81: https://vs57338.eu-west-1.snowflakecomputing.com | G81: https://pmi-pmi_fas.snowflakecomputing.com | H81: VS57338 | I81: FUNC | J81: operations | K81: Functional | L81: new | M81: Aspeya | O81: LX08362 | P81: TRUE | Q81: DPaaS Functional Node - ASPEYA (FAS) - Snowflake PMI_FAS - All_ENV | R81: 98814084-672c-4493-9f91-4c51400e8105
B82: 81 | C82: Cluster Kazakhstan | E82: CKAZ | F82: https://np92030.eu-west-1.snowflakecomputing.com/ | G82: https://pmi-pmi_ckaz.snowflakecomputing.com | H82: NP92030 | I82: GEO | J82: market | K82: Cluster | L82: new | M82: Kazakhstan Cluster | O82: LX04785 | P82: TRUE | Q82: DPaaS Geographical Node (Cluster) - Snowflake PMI_CKAZ - All_ENV | R82: f5bd73cd-bdac-442c-82e4-e3aa047feac7
B83: 82 | C83: Cluster China Hong Kong Macau | E83: CCHM | F83: https://ly13899.eu-west-1.snowflakecomputing.com | G83: https://pmi-pmi_cchm.snowflakecomputing.com | H83: LY13899 | I83: GEO | J83: market | K83: Cluster | L83: new | M83: China Hong Kong Macau Cluster | O83: LX08620 | P83: N/A | Q83: DPaaS Geographical Node - CHINA_HONGKONG_MACAU CLUSTER (CCHM) - Snowflake PMI_CCHM - All_ENV | R83: 172138e8-ed17-4112-bcaf-40a7fde54cbd
B84: 83 | C84: Hungary | E84: HU | F84: https://uk87242.eu-west-1.snowflakecomputing.com | G84: https://pmi-pmi_hu.snowflakecomputing.com | H84: UK87242 | I84: GEO | J84: market | K84: One Market | L84: new | M84: Hungary | O84: LX06288 | P84: TRUE

Sheet ActiveMD
A1: Number | B1: Region Trim | C1: Node Driver | D1: Identifier | E1: Account locator url | F1: Account url | G1: Account Locator | H1: Node Type | I1: domain | J1: Node subtype | K1: Architecture | L1: Ol Markets Finance | M1: Arch Upgrade Activity | N1: Lean IX ID | O1: ACM | P1: Azure AD APP name | Q1: Azure AD app ID
A2: 1 | B2: Indonesia | D2: ID | E2: https://aw40842.eu-west-1.snowflakecomputing.com | F2: https://pmi-pmi_id.snowflakecomputing.com | G2: AW40842 | H2: GEO | I2: market | J2: One Market | K2: old | L2: Indonesia | M2: Upgrade planned Q1 2026 | N2: LX04339 | O2: TRUE | P2: Snowflake PMI_ID | Q2: 60636c8a-6b2a-4e5f-9517-20d22458d6de
A3: 2 | B3: Thailand | D3: TH | E3: https://gb06260.eu-west-1.snowflakecomputing.com | F3: https://pmi-pmi_th.snowflakecomputing.com | G3: GB06260 | H3: GEO | I3: market | J3: One Market | K3: old | L3: Thailand | M3: Upgrade planned Q2 2026 | N3: LX05920 | O3: TRUE | P3: Snowflake PMI_TH | Q3: b5e39e09-a307-4d84-8df5-68c303ca5b3f
A4: 3 | B4: Spain | D4: ES | E4: https://hd52969.eu-west-1.snowflakecomputing.com | F4: https://pmi-pmi_es.snowflakecomputing.com | G4: HD52969 | H4: GEO | I4: market | J4: Cluster Market | K4: old | L4: Spain Mainland, Andorra, Canary Islands | M4: Upgrade planned Q1 2026 | N4: LX06280 | O4: FALSE | P4: Snowflake PMI_ES | Q4: 567f088e-3732-486c-bfd6-b3a97264536d
A5: 4 | B5: Portugal | D5: PT | E5: https://qs39772.eu-west-1.snowflakecomputing.com | F5: https://pmi-pmi_pt.snowflakecomputing.com | G5: QS39772 | H5: GEO | I5: market | J5: One Market | K5: new | L5: Portugal, Azores, Madeira | M5: Upgrade planned Q2 | N5: LX06001 | O5: TRUE | P5: Snowflake PMI_PT | Q5: 54b1f298-2120-4195-bc36-a9d80bd9062f
A6: 5 | B6: Greece | D6: GR | E6: https://kq46976.eu-west-1.snowflakecomputing.com | F6: https://pmi-pmi_gr.snowflakecomputing.com | G6: KQ46976 | H6: GEO | I6: market | J6: One Market | K6: new | L6: Greece | N6: LX06266 | O6: TRUE | P6: Snowflake PMI_GR | Q6: e3a2bd83-bd6b-4659-9db1-79c607514bc4
A7: 6 | B7: Cyprus | D7: CY | E7: https://us15333.eu-west-1.snowflakecomputing.com | F7: https://pmi-pmi_cy.snowflakecomputing.com | G7: US15333 | H7: GEO | I7: market | J7: One Market | K7: new | L7: Cyprus | M7: Upgrade planned Q3 | N7: LX06265 | O7: TRUE | P7: Snowflake PMI_CY | Q7: b4cf3227-000d-4e7e-995e-d40a8a1589e5
A8: 7 | B8: IDD (Function) | D8: IDD | E8: https://ns74854.eu-west-1.snowflakecomputing.com | F8: https://pmi-pmi_idd.snowflakecomputing.com | G8: NS74854 | H8: FUNC | I8: quality | J8: Functional | K8: old | L8: IDD (Function) | N8: LX07466 | O8: FALSE | P8: Snowflake PMI_IDD | Q8: 685393a1-f698-419e-9005-6675e627301c
A9: 8 | B9: Switzerland | D9: CH | E9: https://lq63147.eu-west-1.snowflakecomputing.com | F9: https://pmi-pmi_ch.snowflakecomputing.com | G9: LQ63147 | H9: GEO | I9: market | J9: One Market | K9: old | L9: Switzerland | M9: Upgrade planned Q2 2026 | N9: LX06264 | O9: TRUE | P9: Snowflake PMI_CH | Q9: 3be97f19-9bb1-4ec2-a25e-7c78ea5641a7
A10: 9 | B10: Eastern Europe | D10: EE | E10: https://uj12390.eu-west-1.snowflakecomputing.com | F10: https://pmi-pmi_ee.snowflakecomputing.com | G10: UJ12390 | H10: GEO | I10: market | J10: Cluster Market | K10: new | L10: Eastern Europe | M10: Upgrade planned Q3 | N10: LX05220 | O10: TRUE | P10: Snowflake PMI_EE | Q10: 4594d452-1cac-4e1a-9d79-8e215693df8d
A11: 10 | B11: Egypt | D11: EG | E11: https://km45799.eu-west-1.snowflakecomputing.com | F11: https://pmi-pmi_eg.snowflakecomputing.com | G11: KM45799 | H11: GEO | I11: market | J11: One Market | K11: old | L11: Egypt, Palestine Auth. Area, Jordan, Lebanon | M11: Upgrade planned Q3 2026 | N11: LX06268 | O11: TRUE | P11: Snowflake PMI_EG | Q11: a97a1293-56db-4be2-a0ef-d74ea3e04b8c
A12: 11 | B12: Australia | D12: AU | E12: https://ux99591.eu-west-1.snowflakecomputing.com | F12: https://pmi-pmi_au.snowflakecomputing.com | G12: UX99591 | H12: GEO | I12: market | J12: Cluster Market | K12: new | L12: Australia, New Zealand | N12: LX04642 | O12: TRUE | P12: Snowflake PMI_AU | Q12: 6d146ed0-8e2e-40be-b89a-5b095e03d4e0
A13: 12 | B13: Kazakhstan | D13: KZ | E13: https://zc94311.eu-west-1.snowflakecomputing.com | F13: https://pmi-pmi_kz.snowflakecomputing.com | G13: ZC94311 | H13: GEO | I13: market | J13: One Market | K13: old/new | L13: Kazakhstan | M13: Upgrade started, new markets in new cluster. KZ still here. | N13: LX04785 | O13: N/A | P13: Snowflake PMI_KZ | Q13: 3f112068-0a99-46f5-8ad4-a8f11b309540
A14: 13 | B14: Mexico | D14: MX | E14: https://sw91921.eu-west-1.snowflakecomputing.com | F14: https://pmi-pmi_mx.snowflakecomputing.com | G14: SW91921 | H14: GEO | I14: market | J14: One Market | K14: new | L14: Mexico | M14: Upgrade planned Q4 | N14: LX06272 | O14: TRUE | P14: Snowflake PMI_MX | Q14: dde02f94-87b8-4f4d-9174-265ed2916c96
A15: 14 | B15: Germany | D15: DE | E15: https://bv97446.eu-west-1.snowflakecomputing.com | F15: https://pmi-pmi_de.snowflakecomputing.com | G15: BV97446 | H15: GEO | I15: market | J15: One Market | K15: old | L15: Germany | M15: Upgrade planned Q1 2026 | N15: LX06269 | O15: TRUE | P15: Snowflake PMI_DE | Q15: 427637f0-c66b-4734-83a8-a47cf418bfe2
A16: 15 | B16: United Kingdom | D16: UK | E16: https://al36445.eu-west-1.snowflakecomputing.com | F16: https://pmi-pmi_uk.snowflakecomputing.com | G16: AL36445 | H16: GEO | I16: market | J16: One Market | K16: new | L16: United Kingdom | M16: yes | N16: LX06270 | O16: TRUE | P16: Snowflake PMI_UK | Q16: 37783c60-59ba-484f-9bed-448f63bcaa01
A17: 16 | B17: Czech Republic, Slovak Republic | D17: CZSK | E17: https://mn17341.eu-west-1.snowflakecomputing.com | F17: https://pmi-pmi_czsk.snowflakecomputing.com | G17: MN17341 | H17: GEO | I17: market | J17: Cluster Market | K17: new | L17: Czech Republic, Slovak Republic | M17: Yes | N17: LX05908 | O17: TRUE | P17: Snowflake PMI_CZSK | Q17: 0d0b259f-1de4-4a54-a86d-66bd950dcf98
A18: 17 | B18: France | D18: FR | E18: https://tb87741.eu-west-1.snowflakecomputing.com | F18: https://pmi-pmi_fr.snowflakecomputing.com | G18: TB87741 | H18: GEO | I18: market | J18: One Market | K18: new | L18: France | M18: Upgrade planned Q3 | N18: LX06271 | O18: TRUE | P18: Snowflake PMI_FR | Q18: a507713d-ecc5-416d-94a3-56ada3e62bd4
A19: 18 | B19: India | D19: IN | E19: https://tz27894.eu-west-1.snowflakecomputing.com | F19: https://pmi-pmi_in.snowflakecomputing.com | G19: TZ27894 | H19: GEO | I19: market | J19: One Market | K19: new | L19: India | M19: Upgrade planned Q4 | N19: LX06273 | O19: TRUE | P19: Snowflake PMI_IN | Q19: 69d46527-d22b-40dd-bbcd-d08b626775d8
A20: 20 | B20: Georgia | D20: GE | E20: https://po26476.eu-west-1.snowflakecomputing.com | F20: https://pmi-pmi_ge.snowflakecomputing.com | G20: PO26476 | H20: GEO | I20: market | J20: One Market | K20: new | L20: Georgia | M20: Yes, | N20: LX05216 | O20: TRUE | P20: Snowflake PMI_GE | Q20: 79952c6d-8439-4089-9b37-ffc82dd969e8
A21: 21 | B21: Moldova | D21: MD | E21: https://te25998.eu-west-1.snowflakecomputing.com | F21: https://pmi-pmi_md.snowflakecomputing.com | G21: TE25998 | H21: GEO | I21: market | J21: One Market | K21: new | L21: Moldova | M21: Upgrade planned Q4 | N21: LX05215 | O21: TRUE | P21: Snowflake PMI_MD | Q21: 87ffea58-136b-4b7d-bd75-80ff558038ec
A22: 22 | B22: Armenia | D22: AM | E22: https://mz13437.eu-west-1.snowflakecomputing.com | F22: https://pmi-pmi_am.snowflakecomputing.com | G22: MZ13437 | H22: GEO | I22: market | J22: One Market | K22: new | L22: Armenia | M22: Yes, | N22: LX05217 | O22: TRUE | P22: Snowflake PMI_AM | Q22: d66483cb-628e-446b-90c6-9c8101fce024
A23: 23 | B23: Bulgaria | D23: BG | E23: https://jx90695.eu-west-1.snowflakecomputing.com | F23: https://pmi-pmi_bg.snowflakecomputing.com | G23: JX90695 | H23: GEO | I23: market | J23: One Market | K23: new | L23: Bulgaria | M23: Yes, | N23: LX06285 | O23: TRUE | P23: Snowflake PMI_BG | Q23: 9cfec623-d0c7-4b6e-9073-d5b9c8d9ae03
A24: 24 | B24: Ukraine | D24: UA | E24: https://fu70038.eu-west-1.snowflakecomputing.com | F24: https://pmi-pmi_ua.snowflakecomputing.com | G24: FU70038 | H24: GEO | I24: market | J24: One Market | K24: new | L24: Ukraine | M24: Yes, | N24: LX05219 | O24: TRUE | P24: Snowflake PMI_UA | Q24: 0e818fb9-56e7-4314-ad7d-a849a5200710
A25: 27 | B25: Pakistan | D25: PK | E25: https://zr99368.eu-west-1.snowflakecomputing.com | F25: https://pmi-pmi_pk.snowflakecomputing.com | G25: ZR99368 | H25: GEO | I25: market | J25: One Market | K25: old | L25: Pakistan | M25: Upgrade planned Q1 2026 | N25: LX06094 | O25: TRUE | P25: Snowflake PMI_PK | Q25: a64b24ee-e8fa-4412-b1dc-c2cb66016cac
... A27: 30 | B27: Duty Free | D27: FDF | E27: https://pl47603.eu-west-1.snowflakecomputing.com | F27: https://pmi-pmi_fdf.snowflakecomputing.com | G27: PL47603 | H27: GEO | I27: market | J27: Data domain | K27: old | L27: Duty Free/Global Travel retail, PMIDF | M27: Upgrade planned Q3 2026 | N27: LX06287 | O27: TRUE | P27: Snowflake PMI_FDF | Q27: 09887791-ff27-4256-9f48-7409dba50057
A28: 31 | B28: Enterprise Data & Analytics | D28: FEA | E28: https://ng38395.eu-west-1.snowflakecomputing.com | F28: https://pmi-pmi_fea.snowflakecomputing.com | G28: NG38395 | H28: DEVT | I28: DEVT | J28: Development | K28: old | L28: Enterprise Data & Analytics | N28: LX06253 | O28: TRUE | P28: Snowflake PMI_FEA | Q28: e406408f-76f0-47e9-aafa-a62713181ef3
A29: 32 | B29: MEA Regional Account | D29: RME | E29: https://zd75676.eu-west-1.snowflakecomputing.com | F29: https://pmi-pmi_rme.snowflakecomputing.com | G29: ZD75676 | H29: GEO | I29: market | J29: Cluster Market | K29: old | L29: MEA Regional Account | M29: Upgrade planned Q4 2026 | N29: LX06281 | O29: TRUE | P29: Snowflake PMI_RME | Q29: 13e14491-779a-4bad-b283-4de0ddcfafe5
A30: 35 | B30: Andean | D30: RAN | E30: https://xp62606.eu-west-1.snowflakecomputing.com | F30: https://pmi-pmi_ran.snowflakecomputing.com | G30: XP62606 | H30: GEO | I30: market | J30: Cluster Market | K30: new | L30: Andean, Peru, Venezuela, Colombia, Ecuador | M30: Upgrade planned Q4 | N30: LX04764 | O30: TRUE | P30: Snowflake PMI_RAN | Q30: 1442105f-b427-42fe-aa66-a9b86f1740c0
A31: 36 | B31: Italy | D31: IT | E31: https://co95291.eu-west-1.snowflakecomputing.com | F31: https://pmi-pmi_it.snowflakecomputing.com | G31: CO95291 | H31: GEO | I31: market | J31: One Market | K31: new | L31: Italy | M31: Upgrade planned Q2 | N31: LX06289 | O31: TRUE | P31: Snowflake PMI_IT | Q31: 8ff3b7a0-b498-4a5c-a244-c595ad785007
A32: 38 | B32: Poland | D32: PL | E32: https://qs62429.eu-west-1.snowflakecomputing.com | F32: https://pmi-pmi_pl.snowflakecomputing.com | G32: QS62429 | H32: GEO | I32: market | J32: One Market | K32: new | L32: Poland | N32: LX06066 | O32: True | P32: Snowflake PMI_PL | Q32: da8a31c1-87bc-48e3-8267-8ad368da36b8
A33: 39 | B33: Austria | D33: AT | E33: https://jp13634.eu-west-1.snowflakecomputing.com | F33: https://pmi-pmi_at.snowflakecomputing.com | G33: JP13634 | H33: GEO | I33: market | J33: One Market | K33: new | L33: Austria | M33: Upgrade planned Q3 | N33: LX06277 | O33: TRUE | P33: Snowflake PMI_AT | Q33: ed11b418-dd4e-4b5c-8b09-0fe55851d149
A34: 40 | B34: Morocco | D34: MA | E34: https://gt52354.eu-west-1.snowflakecomputing.com | F34: https://pmi-pmi_ma.snowflakecomputing.com | G34: GT52354 | H34: GEO | I34: market | J34: Cluster Market | K34: old | L34: Morocco, Algeria, Tunisia, Libya | M34: Upgrade planned Q4 2026 | N34: LX06279 | O34: TRUE | P34: Snowflake PMI_MA | Q34: 75d73444-fbe2-4303-b61e-8f921f45e8c3
A35: 41 | B35: Canada | D35: CA | E35: https://in38741.eu-west-1.snowflakecomputing.com | F35: https://pmi-pmi_ca.snowflakecomputing.com | G35: IN38741 | H35: GEO | I35: market | J35: One Market | K35: new | L35: Canada, Canada New | M35: Yes | N35: LX05923 | O35: TRUE | P35: Snowflake PMI_CA | Q35: a0e5214c-5357-42d3-9b51-4eb7de69caff
A36: 42 | B36: Malaysia and Singapore | D36: CMY | E36: https://ls15602.eu-west-1.snowflakecomputing.com | F36: https://pmi-pmi_cmy.snowflakecomputing.com | G36: LS15602 | H36: GEO | I36: market | J36: Cluster Market | K36: new | L36: Malaysia, Singapore | N36: LX05954 | O36: TRUE | P36: Snowflake PMI_MY | Q36: 4680dfec-dd92-49d2-bfdf-3778c0220d86
A37: 45 | B37: Admin Node | D37: FAD | E37: https://lq22027.eu-west-1.snowflakecomputing.com | F37: https://pmi-pmi_fad.snowflakecomputing.com | G37: LQ22027 | H37: ADM | I37: ADM | J37: Admin | K37: new | L37: Admin Node | N37: LX07707 | O37: TRUE | P37: Snowflake PMI_FAD | Q37: d651ed24-7145-4a83-b9cc-af41e960f241
A38: 46 | B38: Supply Chain | D38: SPCH | E38: https://fo55901.eu-west-1.snowflakecomputing.com | F38: https://pmi-pmi_spch.snowflakecomputing.com | G38: FO55901 | H38: FUNC | I38: Operations | J38: Data domain | K38: new | L38: Supply Chain | N38: LX06290 | O38: TRUE | P38: Snowflake PMI_SPCH | Q38: c3ab08a5-6908-47b3-8b3e-8499e4f12ba8
A39: 47 | B39: Functional Capability | D39: FCT | E39: https://id00779.eu-west-1.snowflakecomputing.com | F39: https://pmi-pmi_fct.snowflakecomputing.com | G39: ID00779 | H39: DEVT | I39: DEVT | J39: Development | K39: new | L39: Functional Capability | N39: LX06764 | O39: TRUE | P39: Snowflake PMI_FCT | Q39: ea58b2e7-b1f0-40cd-8e3e-bfa170632386
A40: 48 | B40: Functional Capability Development | D40: FCD | E40: https://mh71026.eu-west-1.snowflakecomputing.com | F40: https://pmi-pmi_fcd.snowflakecomputing.com | G40: MH71026 | H40: DEVT | I40: DEVT | J40: Development | K40: new | L40: Functional Capability Development | N40: LX06763 | O40: TRUE | P40: Snowflake PMI_FCD | Q40: d5b934b8-071f-48b6-bcb7-0bd1ff334b5f
A41: 49 | B41: Finance | D41: FINC | E41: https://ta16206.eu-west-1.snowflakecomputing.com | F41: https://pmi-pmi_finc.snowflakecomputing.com | G41: TA16206 | H41: FUNC | I41: corporate | J41: Data domain | K41: new | L41: Finance | N41: LX06253 | O41: TRUE | P41: Snowflake PMI_FINC | Q41: 7dde77ec-61af-4946-9847-c45ffa0eb992
A42: 50 | B42: Sustainability | D42: SUST | E42: https://zi04172.eu-west-1.snowflakecomputing.com | F42: https://pmi-pmi_sust.snowflakecomputing.com | G42: ZI04172 | H42: FUNC | I42: engagement | J42: Subject area | K42: new | L42: Sustainability | N42: LX06256 | O42: TRUE | P42: Snowflake PMI_SUST | Q42: 7ef4a4a1-26ca-4855-bcfe-0616f59f5a59
A43: 51 | B43: InfoSec | D43: INSC | E43: https://ow44607.eu-west-1.snowflakecomputing.com | F43: https://pmi-pmi_insc.snowflakecomputing.com | G43: OW44607 | H43: FUNC | I43: corporate | J43: Subject area | K43: new | L43: InfoSec | N43: LX06254 | O43: TRUE | P43: Snowflake PMI_INSC | Q43: dbfadb96-8dfd-4487-b7ae-b0f7ee91d2bb
A44: 52 | B44: People & Culture | D44: PNCL | E44: https://pf10876.eu-west-1.snowflakecomputing.com | F44: https://pmi-pmi_pncl.snowflakecomputing.com | G44: PF10876 | H44: FUNC | I44: corporate | J44: Data domain | K44: new | L44: People & Culture | N44: LX06255 | O44: TRUE | P44: Snowflake PMI_PNCL | Q44: 51517ba7-4778-4aa3-9114-296040d911d8
A45: 53 | B45: IT Management | D45: ITMG | E45: https://qu74988.eu-west-1.snowflakecomputing.com | F45: https://pmi-pmi_itmg.snowflakecomputing.com | G45: QU74988 | H45: FUNC | I45: corporate | J45: Subject area | K45: new | L45: IT Management | N45: LX06252 | O45: TRUE | P45: Snowflake PMI_ITMG | Q45: cb84fa62-55e1-4994-86e7-0ab2ad733cb2
A46: 54 | B46: Life Science | D46: LFSC | E46: https://mi02080.eu-west-1.snowflakecomputing.com | F46: https://pmi-pmi_lfsc.snowflakecomputing.com | G46: MI02080 | H46: FUNC | I46: engagement | J46: Data domain | K46: new | L46: Life Science | N46: LX06476 | O46: TRUE | P46: Snowflake PMI_LFSC | Q46: 3138973b-c01f-42d5-8852-bf9c8cdd00f6
A47: 55 | B47: South Africa | D47: ZA | E47: https://jc24096.eu-west-1.snowflakecomputing.com | F47: https://pmi-pmi_za.snowflakecomputing.com | G47: JC24096 | H47: GEO | I47: market | J47: Cluster Market | K47: new | L47: South Africa | N47: LX06727 | O47: TRUE | P47: Snowflake PMI_ZA | Q47: 59f2260a-8d23-4c4a-a2ff-483803ff6f3c
... A50: 58 | B50: Cluster Middle East | D50: CME | E50: https://nv50168.eu-west-1.snowflakecomputing.com | F50: https://pmi-pmi_cme.snowflakecomputing.com | G50: NV50168 | H50: GEO | I50: market | J50: Cluster Market | K50: new | L50: Cluster Middle East, UAE, Kuwait, Bahrain, Oman, Saudi Arabia, Iraq, Qatar | N50: LX06936 | O50: TRUE | P50: Snowflake PMI_CME | Q50: 2e57985a-e426-4a08-8016-127c24faefb7
A51: 59 | B51: Risk and Assurance | D51: RISK | E51: https://cy30658.eu-west-1.snowflakecomputing.com | F51: https://pmi-pmi_risk.snowflakecomputing.com | G51: CY30658 | H51: FUNC | I51: corporate | J51: Data domain | K51: new | L51: Risk and Assurance | N51: LX07029 | O51: TRUE | P51: Snowflake PMI_RISK | Q51: 447a6a74-e899-452c-8c4a-367912f5fa71
A52: 60 | B52: Azerbaijan | D52: AZ | E52: https://mu28789.eu-west-1.snowflakecomputing.com | F52: https://pmi-pmi_az.snowflakecomputing.com | G52: MU28789 | H52: GEO | I52: market | J52: One Market | K52: new | L52: Azerbaijan | N52: LX06967 | O52: TRUE | P52: Snowflake PMI_AZ | Q52: d5fda03a-304b-40fb-87a5-4dfddd133575
A53: 61 | B53: Corporate | D53: CORP | E53: https://go71735.eu-west-1.snowflakecomputing.com | F53: https://pmi-pmi_corp.snowflakecomputing.com | G53: GO71735 | H53: FUNC | I53: corporate | J53: Subject area | K53: new | L53: Corporate | N53: LX07050 | O53: TRUE | P53: Snowflake PMI_CORP | Q53: 509c5b82-c8c0-4ffa-84f8-e0999fa59e11
A54: 62 | B54: Cluster Nordics | D54: CNRD | E54: https://ea17288.eu-west-1.snowflakecomputing.com | F54: https://pmi-pmi_cnrd.snowflakecomputing.com | G54: EA17288 | H54: GEO | I54: market | J54: Cluster Market | K54: new | L54: Cluster Nordics, Norway, Iceland, Sweden, Denmark | N54: LX07191 | O54: TRUE | P54: Snowflake PMI_CNRD | Q54: ebaec386-ef78-438b-a168-0f90e7ef496b
A55: 63 | B55: Cluster Benelux | D55: CBNL | E55: https://kc62702.eu-west-1.snowflakecomputing.com | F55: https://pmi-pmi_cbnl.snowflakecomputing.com | G55: KC62702 | H55: GEO | I55: market | J55: Cluster Market | K55: new | L55: Netherlands, Belgium, Luxembourg | N55: LX07190 | O55: TRUE | P55: Snowflake PMI_CBNL | Q55: 37782475-cbe7-46a8-892c-1015a72b84f8
A56: 64 | B56: Japan | D56: JP | E56: https://nb65125.eu-west-1.snowflakecomputing.com | F56: https://pmi-pmi_jp.snowflakecomputing.com | G56: NB65125 | H56: GEO | I56: market | J56: One Market | K56: new | L56: Japan | N56: LX07263 | O56: TRUE | P56: Snowflake PMI_JP | Q56: 984662c8-c5e2-4033-831a-b25abb01dd7b
A57: 65 | B57: Global Leaf & Product Development | D57: GLPD | E57: https://cb61650.eu-west-1.snowflakecomputing.com | F57: https://pmi-pmi_glpd.snowflakecomputing.com | G57: CB61650 | H57: FUNC | I57: operations | J57: data domain | K57: new | M57: Migrated from FOP. | N57: LX07286 | O57: TRUE | P57: Snowflake PMI_GLPD | Q57: 35739b00-f049-4645-8f0e-e8db6330995d
A58: 66 | B58: Brazil | D58: BR | E58: https://uk00838.eu-west-1.snowflakecomputing.com | F58: https://pmi-pmi_br.snowflakecomputing.com | G58: UK00838 | H58: GEO | I58: market | J58: One Market | K58: new | L58: Brazil | N58: LX07278 | O58: TRUE | P58: DPaaS Geographical Node - Brazil (BR) - Snowflake PMI_BR - All_ENV | Q58: 2d84d278-d7ec-46aa-ad7d-3c12ce9d022e
A59: 67 | B59: Cluster South East Europe | D59: CSEE | E59: https://nj29393.eu-west-1.snowflakecomputing.com | F59: https://pmi-pmi_csee.snowflakecomputing.com | G59: NJ29393 | H59: GEO | I59: market | J59: Cluster Market | K59: new | L59: Cluster South East Europe, Albania, Bosnia and Herzegovina, Montenegro, North Macedonia, Serbia, Kosovo | N59: LX07247 | O59: TRUE | P59: DPaaS Geographical Node - Cluster South East Europe (CSEE) - Snowflake PMI_CSEE - All_ENV | Q59: e2e169e0-9723-4994-ad17-fa75f8d65a52
A60: 68 | B60: Procurement | D60: PROC | E60: https://xn14504.eu-west-1.snowflakecomputing.com | F60: https://pmi-pmi_proc.snowflakecomputing.com | G60: XN14504 | H60: FUNC | I60: operations | J60: Functional | K60: new | N60: LX07249 | O60: TRUE | P60: DPaaS Functional Node - Procurement (PROC) - Snowflake PMI_PROC - All_ENV | Q60: 8098d654-c3e0-4e01-9cb9-6e6377e89803
A61: 69 | B61: Cluster Croatia Slovenia | D61: CCSL | E61: https://tx15762.eu-west-1.snowflakecomputing.com | F61: https://pmi-pmi_ccsl.snowflakecomputing.com | G61: TX15762 | H61: GEO | I61: market | J61: Cluster Market | K61: new | L61: Croatia, Slovenia | N61: LX07379 | O61: TRUE | P61: DPaaS Geographical Node – Cluster Croatia Slovenia (CCSL) - Snowflake PMI_CCSL - All_ENV | Q61: aa384b28-abd8-4f0f-a7cd-2e2222e1d090
B62: Slovenia | D62: CCSL | G62: TX15762
A63: 70 | B63: Israel | D63: IL | E63: https://rp81237.eu-west-1.snowflakecomputing.com | F63: https://pmi-pmi_il.snowflakecomputing.com | G63: RP81237 | H63: GEO | I63: market | J63: One Market | K63: new | L63: Israel | N63: LX07255 | O63: TRUE | P63: DPaaS Geographical Node - Israel (IL) - Snowflake PMI_IL - All_ENV | Q63: 2f0dba37-3025-4e17-9062-74267bd58d9a
A64: 71 | B64: Cluster Baltics | D64: CBLT | E64: https://ra68910.eu-west-1.snowflakecomputing.com | F64: https://pmi-pmi_cblt.snowflakecomputing.com | G64: RA68910 | H64: GEO | I64: market | J64: Cluster | K64: new | L64: Lithuania, Estonia, Latvia | N64: LX07506 | O64: TRUE | P64: DPaaS Geographical Node - Cluster Baltics (CBLT) - Snowflake PMI_CBLT - All_ENV | Q64: e503fb1d-aa28-45f4-8859-13029878a948
A65: 72 | B65: Data Platform Sandbox | D65: DPS | E65: https://cg05559.eu-west-1.snowflakecomputing.com | F65: https://pmi-pmi_dps.snowflakecomputing.com | G65: CG05559 | H65: DEVT | I65: DEVT | J65: Development | K65: new | N65: LX07762 | O65: TRUE | P65: DPaaS Development/Testing Node - Data Platform Sandbox (DPS) - Snowflake PMI_DPS - All_ENV | Q65: 1015b2d9-c6e6-46e7-b8d3-9da7864fb17b
A66: 73 | B66: Turkey | D66: TR | E66: https://od54613.eu-west-1.snowflakecomputing.com | F66: https://pmi-pmi_tr.snowflakecomputing.com | G66: OD54613 | H66: GEO | I66: market | J66: One Market | K66: new | L66: Turkey | N66: LX07697 | O66: True | P66: DPaaS Geographical Node – Turkey (TR) - Snowflake PMI_TR - All_ENV | Q66: fb53da86-422e-4246-a392-8ab015d3aabf
A67: 74 | B67: United States | D67: US | E67: https://xdb62269.us-east-1.snowflakecomputing.com | F67: https://pmi-pmi_us.snowflakecomputing.com | G67: XDB62269 | H67: GEO | I67: market | J67: One Market | K67: new | L67: United States | M67: While migrating to a new region of the US | N67: LX05918 | O67: TRUE | P67: DPaaS Geographical Node – United States (US) - Snowflake PMI_US - All_ENV | Q67: f5c2b1a1-72b0-4fc2-929e-b3af9bd3f47a
A68: 75 | B68: Data Platform Testing | D68: DPT | E68: https://di36161.eu-west-1.snowflakecomputing.com | F68: https://pmi-pmi_dpt.snowflakecomputing.com | G68: DI36161 | H68: DEVT | I68: DEVT | J68: Development | K68: new | N68: LX07765 | O68: TRUE | P68: DPaaS Development Node - Data Platform Testing (DPT) - Snowflake PMI_DPT - All_ENV | Q68: ef285d5f-750b-4951-b407-debf82c1fed0
A69: 76 | B69: Caricam | D69: CCAR | E69: https://po50287.eu-west-1.snowflakecomputing.com | F69: https://pmi-pmi_ccar.snowflakecomputing.com | G69: PO50287 | H69: GEO | I69: market | J69: Cluster Market | K69: new | N69: LX07965 | O69: TRUE | P69: DPaaS Geographical Node - CARICAM (CCAR) - Snowflake PMI_CCAR - All_ENV | Q69: 8e99eb8f-0d97-496e-86ca-d3eef820845a
A70: 77 | B70: Manufacturing | D70: MNFG | E70: https://mr13713.eu-west-1.snowflakecomputing.com | F70: https://pmi-pmi_mnfg.snowflakecomputing.com | G70: MR13713 | H70: FUNC | I70: operations | J70: Functional | K70: new | L70: Manufacturing | N70: LX08046 | O70: TRUE | P70: DPaaS Functional Node - Manufacturing(MNFG) - Snowflake PMI_MNFG - All_ENV | Q70: db457978-7cad-4665-a3c3-82d24f27d029
A71: 78 | B71: Research and Development | D71: CRND | E71: https://le81907.eu-west-1.snowflakecomputing.com | F71: https://pmi-pmi_crnd.snowflakecomputing.com | G71: LE81907 | H71: FUNC | I71: operations | J71: Functional | K71: new | L71: Research and Development | N71: LX08125 | O71: TRUE | P71: DPaaS Functional Node - Research and Development(CRND) - Snowflake PMI_CRND - All_ENV | Q71: f3a640dc-3344-4973-a74f-7d94c74ef8e3
A72: 79 | B72: Korea | D72: KR | E72: https://le90284.eu-west-1.snowflakecomputing.com | F72: https://pmi-pmi_kr.snowflakecomputing.com | G72: LE90284 | H72: GEO | I72: market | J72: One Market | K72: new | L72: Korea | N72: LX07435 | O72: FALSE | P72: DPaaS Geographical Node - KOREA (KR) - Snowflake PMI_KR - All_ENV | Q72: e3b0be2e-56e3-48d3-b968-bda95d36da4b
A73: 80 | B73: Aspeya | D73: FAS | E73: https://vs57338.eu-west-1.snowflakecomputing.com | F73: https://pmi-pmi_fas.snowflakecomputing.com | G73: VS57338 | H73: FUNC | I73: operations | J73: Functional | K73: new | L73: Aspeya | N73: LX08362 | O73: TRUE | P73: DPaaS Functional Node - ASPEYA (FAS) - Snowflake PMI_FAS - All_ENV | Q73: 98814084-672c-4493-9f91-4c51400e8105
A74: 81 | B74: Cluster Kazakhstan | D74: CKAZ | E74: https://np92030.eu-west-1.snowflakecomputing.com/ | F74: https://pmi-pmi_ckaz.snowflakecomputing.com | G74: NP92030 | H74: GEO | I74: market | J74: Cluster | K74: new | L74: Kazakhstan Cluster | N74: LX04785 | O74: TRUE | P74: DPaaS Geographical Node (Cluster) - Snowflake PMI_CKAZ - All_ENV | Q74: f5bd73cd-bdac-442c-82e4-e3aa047feac7
A75: 82 | B75: Cluster China Hong Kong Macau | D75: CCHM | E75: https://ly13899.eu-west-1.snowflakecomputing.com | F75: https://pmi-pmi_cchm.snowflakecomputing.com | G75: LY13899 | H75: GEO | I75: market | J75: Cluster | K75: new | L75: China Hong Kong Macau Cluster | N75: LX08620 | O75: N/A | P75: DPaaS Geographical Node - CHINA_HONGKONG_MACAU CLUSTER (CCHM) - Snowflake PMI_CCHM - All_ENV | Q75: 172138e8-ed17-4112-bcaf-40a7fde54cbd
A76: 83 | B76: Hungary | D76: HU | E76: https://uk87242.eu-west-1.snowflakecomputing.com | F76: https://pmi-pmi_hu.snowflakecomputing.com | G76: UK87242 | H76: GEO | I76: market | J76: One Market | K76: new | L76: Hungary | N76: LX06288 | O76: TRUE

Sheet interactions data sharing
A1: Country Name Ori | B1: Region from DPaaS | C1: Account Locator | E1: mapping account locator to documentation | F1: Matched? | G1: remarks
A2: Taiwan | B2: Taiwan | C2: TQ34613 | D2: =_xlfn.XLOOKUP(TRIM(B2),ActiveMD!B:B,ActiveMD!D:D,"notfound") -> TW | E2: =_xlfn.XLOOKUP(TRIM(C2),ActiveMD!G:G,ActiveMD!D:D,"notfound") -> TW | F2: =IF(D2=E2,D2,"need to be checked") -> TW
A3: Armenia | B3: Armenia | C3: MZ13437 | D3: =_xlfn.XLOOKUP(TRIM(B3),ActiveMD!B:B,ActiveMD!D:D,"notfound") -> AM | E3: =_xlfn.XLOOKUP(TRIM(C3),ActiveMD!G:G,ActiveMD!D:D,"notfound") -> AM | F3: =IF(D3=E3,D3,"need to be checked") -> AM
A4: Morocco | B4: Morocco | C4: GT52354 | D4: =_xlfn.XLOOKUP(TRIM(B4),ActiveMD!B:B,ActiveMD!D:D,"notfound") -> MA | E4: =_xlfn.XLOOKUP(TRIM(C4),ActiveMD!G:G,ActiveMD!D:D,"notfound") -> MA | F4: =IF(D4=E4,D4,"need to be checked") -> MA
A5: Austria | B5: Austria | C5: JP13634 | D5: =_xlfn.XLOOKUP(TRIM(B5),ActiveMD!B:B,ActiveMD!D:D,"notfound") -> AT | E5: =_xlfn.XLOOKUP(TRIM(C5),ActiveMD!G:G,ActiveMD!D:D,"notfound") -> AT | F5: =IF(D5=E5,D5,"need to be checked") -> AT
A6: Dominican Republic | B6: Dominican Republic | C6: XP62606 | D6: =_xlfn.XLOOKUP(TRIM(B6),ActiveMD!B:B,ActiveMD!D:D,"notfound") -> notfound | E6: =_xlfn.XLOOKUP(TRIM(C6),ActiveMD!G:G,ActiveMD!D:D,"notfound") -> RAN | F6: =IF(D6=E6,D6,"need to be checked") -> need to be checked | G6: accloc is andean cluster
A7: Finland | B7: Cluster Nordics | C7: EA17288 | D7: =_xlfn.XLOOKUP(TRIM(B7),ActiveMD!B:B,ActiveMD!D:D,"notfound") -> CNRD | E7: =_xlfn.XLOOKUP(TRIM(C7),ActiveMD!G:G,ActiveMD!D:D,"notfound") -> CNRD | F7: =IF(D7=E7,D7,"need to be checked") -> CNRD | G7: FI for Country Code
A8: Japan | B8: Japan | C8: NB65125 | D8: =_xlfn.XLOOKUP(TRIM(B8),ActiveMD!B:B,ActiveMD!D:D,"notfound") -> JP | E8: =_xlfn.XLOOKUP(TRIM(C8),ActiveMD!G:G,ActiveMD!D:D,"notfound") -> JP | F8: =IF(D8=E8,D8,"need to be checked") -> JP
A9: Azerbaijan | B9: Azerbaijan | C9: MU28789 | D9: =_xlfn.XLOOKUP(TRIM(B9),ActiveMD!B:B,ActiveMD!D:D,"notfound") -> AZ | E9: =_xlfn.XLOOKUP(TRIM(C9),ActiveMD!G:G,ActiveMD!D:D,"notfound") -> AZ | F9: =IF(D9=E9,D9,"need to be checked") -> AZ
A10: United States | B10: United States | C10: XDB62269 | D10: =_xlfn.XLOOKUP(TRIM(B10),ActiveMD!B:B,ActiveMD!D:D,"notfound") -> US | E10: =_xlfn.XLOOKUP(TRIM(C10),ActiveMD!G:G,ActiveMD!D:D,"notfound") -> US | F10: =IF(D10=E10,D10,"need to be checked") -> US
A11: Slovenia | B11: Cluster Croatia Slovenia | C11: TX15762 | D11: =_xlfn.XLOOKUP(TRIM(B11),ActiveMD!B:B,ActiveMD!D:D,"notfound") -> CCSL | E11: =_xlfn.XLOOKUP(TRIM(C11),ActiveMD!G:G,ActiveMD!D:D,"notfound") -> CCSL | F11: =IF(D11=E11,D11,"need to be checked") -> CCSL
A12: Republic of Kosovo | B12: Cluster South East Europe | C12: NJ29393 | D12: =_xlfn.XLOOKUP(TRIM(B12),ActiveMD!B:B,ActiveMD!D:D,"notfound") -> CSEE | E12: =_xlfn.XLOOKUP(TRIM(C12),ActiveMD!G:G,ActiveMD!D:D,"notfound") -> CSEE | F12: =IF(D12=E12,D12,"need to be checked") -> CSEE | G12: RS for country code
A13: Luxembourg | B13: Cluster Benelux | C13: KC62702 | D13: =_xlfn.XLOOKUP(TRIM(B13),ActiveMD!B:B,ActiveMD!D:D,"notfound") -> CBNL | E13: =_xlfn.XLOOKUP(TRIM(C13),ActiveMD!G:G,ActiveMD!D:D,"notfound") -> CBNL | F13: =IF(D13=E13,D13,"need to be checked") -> CBNL
A14: Croatia | B14: Cluster Croatia Slovenia | C14: TX15762 | D14: =_xlfn.XLOOKUP(TRIM(B14),ActiveMD!B:B,ActiveMD!D:D,"notfound") -> CCSL | E14: =_xlfn.XLOOKUP(TRIM(C14),ActiveMD!G:G,ActiveMD!D:D,"notfound") -> CCSL | F14: =IF(D14=E14,D14,"need to be checked") -> CCSL
A15: Mexico | B15: Mexico | C15: SW91921 | D15: =_xlfn.XLOOKUP(TRIM(B15),ActiveMD!B:B,ActiveMD!D:D,"notfound") -> MX | E15: =_xlfn.XLOOKUP(TRIM(C15),ActiveMD!G:G,ActiveMD!D:D,"notfound") -> MX | F15: =IF(D15=E15,D15,"need to be checked") -> MX
A16: Pakistan | B16: Pakistan | C16: ZR99368 | D16: =_xlfn.XLOOKUP(TRIM(B16),ActiveMD!B:B,ActiveMD!D:D,"notfound") -> PK | E16: =_xlfn.XLOOKUP(TRIM(C16),ActiveMD!G:G,ActiveMD!D:D,"notfound") -> PK | F16: =IF(D16=E16,D16,"need to be checked") -> PK
A17: Jordan | B17: Egypt | C17: KM45799 | D17: =_xlfn.XLOOKUP(TRIM(B17),ActiveMD!B:B,ActiveMD!D:D,"notfound") -> EG | E17: =_xlfn.XLOOKUP(TRIM(C17),ActiveMD!G:G,ActiveMD!D:D,"notfound") -> EG | F17: =IF(D17=E17,D17,"need to be checked") -> EG
A18: Czech Republic | B18: Czech Republic, Slovak Republic | C18: MN17341 | D18: =_xlfn.XLOOKUP(TRIM(B18),ActiveMD!B:B,ActiveMD!D:D,"notfound") -> CZSK | E18: =_xlfn.XLOOKUP(TRIM(C18),ActiveMD!G:G,ActiveMD!D:D,"notfound") -> CZSK | F18: =IF(D18=E18,D18,"need to be checked") -> CZSK
A19: Belgium | B19: Cluster Benelux | C19: KC62702 | D19: =_xlfn.XLOOKUP(TRIM(B19),ActiveMD!B:B,ActiveMD!D:D,"notfound") -> CBNL | E19: =_xlfn.XLOOKUP(TRIM(C19),ActiveMD!G:G,ActiveMD!D:D,"notfound") -> CBNL | F19: =IF(D19=E19,D19,"need to be checked") -> CBNL
A20: Indonesia | B20: Indonesia | C20: AW40842 | D20: =_xlfn.XLOOKUP(TRIM(B20),ActiveMD!B:B,ActiveMD!D:D,"notfound") -> ID | E20: =_xlfn.XLOOKUP(TRIM(C20),ActiveMD!G:G,ActiveMD!D:D,"notfound") -> ID | F20: =IF(D20=E20,D20,"need to be checked") -> ID
A21: Philippines | B21: Philippines | C21: KG15403 | D21: =_xlfn.XLOOKUP(TRIM(B21),ActiveMD!B:B,ActiveMD!D:D,"notfound") -> PH | E21: =_xlfn.XLOOKUP(TRIM(C21),ActiveMD!G:G,ActiveMD!D:D,"notfound") -> PH | F21: =IF(D21=E21,D21,"need to be checked") -> PH
A22: Egypt | B22: Egypt | C22: KM45799 | D22: =_xlfn.XLOOKUP(TRIM(B22),ActiveMD!B:B,ActiveMD!D:D,"notfound") -> EG | E22: =_xlfn.XLOOKUP(TRIM(C22),ActiveMD!G:G,ActiveMD!D:D,"notfound") -> EG | F22: =IF(D22=E22,D22,"need to be checked") -> EG
A23: Malaysia | B23: Malaysia and Singapore | C23: LS15602 | D23: =_xlfn.XLOOKUP(TRIM(B23),ActiveMD!B:B,ActiveMD!D:D,"notfound") -> CMY | E23: =_xlfn.XLOOKUP(TRIM(C23),ActiveMD!G:G,ActiveMD!D:D,"notfound") -> CMY | F23: =IF(D23=E23,D23,"need to be checked") -> CMY
A24: Libya | B24: Morocco | C24: GT52354 | D24: =_xlfn.XLOOKUP(TRIM(B24),ActiveMD!B:B,ActiveMD!D:D,"notfound") -> MA | E24: =_xlfn.XLOOKUP(TRIM(C24),ActiveMD!G:G,ActiveMD!D:D,"notfound") -> MA | F24: =IF(D24=E24,D24,"need to be checked") -> MA
A25: Bhutan | B25: Bhutan | C25: VP63759 | D25: =_xlfn.XLOOKUP(TRIM(B25),ActiveMD!B:B,ActiveMD!D:D,"notfound") -> notfound | E25: =_xlfn.XLOOKUP(TRIM(C25),ActiveMD!G:G,ActiveMD!D:D,"notfound") -> notfound | F25: =IF(D25=E25,D25,"need to be checked") -> notfound
A26: Ecuador | B26: Andean | C26: XP62606 | D26: =_xlfn.XLOOKUP(TRIM(B26),ActiveMD!B:B,ActiveMD!D:D,"notfound") -> RAN | E26: =_xlfn.XLOOKUP(TRIM(C26),ActiveMD!G:G,ActiveMD!D:D,"notfound") -> RAN | F26: =IF(D26=E26,D26,"need to be checked") -> RAN | K26: US15333 | L26: this was Cyprus
A27: Iraq | B27: Cluster Middle East | C27: NV50168 | D27: =_xlfn.XLOOKUP(TRIM(B27),ActiveMD!B:B,ActiveMD!D:D,"notfound") -> CME | E27: =_xlfn.XLOOKUP(TRIM(C27),ActiveMD!G:G,ActiveMD!D:D,"notfound") -> CME | F27: =IF(D27=E27,D27,"need to be checked") -> CME | K27: ZC94311 | L27: this was Kazakhstan not Kyrgyzstan
A28: United Kingdom | B28: United Kingdom | C28: AL36445 | D28: =_xlfn.XLOOKUP(TRIM(B28),ActiveMD!B:B,ActiveMD!D:D,"notfound") -> UK | E28: =_xlfn.XLOOKUP(TRIM(C28),ActiveMD!G:G,ActiveMD!D:D,"notfound") -> UK | F28: =IF(D28=E28,D28,"need to be checked") -> UK | K28: VP63759 | L28: deleted
A29: Guatemala | B29: Guatemala | C29: XP62606 | D29: =_xlfn.XLOOKUP(TRIM(B29),ActiveMD!B:B,ActiveMD!D:D,"notfound") -> notfound | E29: =_xlfn.XLOOKUP(TRIM(C29),ActiveMD!G:G,ActiveMD!D:D,"notfound") -> RAN | F29: =IF(D29=E29,D29,"need to be checked") -> need to be checked | G29: accloc is andean cluster
A30: Malta | B30: Malta | C30: US15333 | D30: =_xlfn.XLOOKUP(TRIM(B30),ActiveMD!B:B,ActiveMD!D:D,"notfound") -> notfound | E30: =_xlfn.XLOOKUP(TRIM(C30),ActiveMD!G:G,ActiveMD!D:D,"notfound") -> CY | F30: =IF(D30=E30,D30,"need to be checked") -> need to be checked | G30: accloc is cyprus
A31: Palestine | B31: Egypt | C31: KM45799 | D31: =_xlfn.XLOOKUP(TRIM(B31),ActiveMD!B:B,ActiveMD!D:D,"notfound") -> EG | E31: =_xlfn.XLOOKUP(TRIM(C31),ActiveMD!G:G,ActiveMD!D:D,"notfound") -> EG | F31: =IF(D31=E31,D31,"need to be checked") -> EG
A32: Maldives | B32: Maldives | C32: VP63759 | D32: =_xlfn.XLOOKUP(TRIM(B32),ActiveMD!B:B,ActiveMD!D:D,"notfound") -> notfound | E32: =_xlfn.XLOOKUP(TRIM(C32),ActiveMD!G:G,ActiveMD!D:D,"notfound") -> notfound | F32: =IF(D32=E32,D32,"need to be checked") -> notfound | G32: deleted
A33: Germany | B33: Germany | C33: BV97446 | D33: =_xlfn.XLOOKUP(TRIM(B33),ActiveMD!B:B,ActiveMD!D:D,"notfound") -> DE | E33: =_xlfn.XLOOKUP(TRIM(C33),ActiveMD!G:G,ActiveMD!D:D,"notfound") -> DE | F33: =IF(D33=E33,D33,"need to be checked") -> DE
A34: South Africa | B34: South Africa | C34: JC24096 | D34: =_xlfn.XLOOKUP(TRIM(B34),ActiveMD!B:B,ActiveMD!D:D,"notfound") -> ZA | E34: =_xlfn.XLOOKUP(TRIM(C34),ActiveMD!G:G,ActiveMD!D:D,"notfound") -> ZA | F34: =IF(D34=E34,D34,"need to be checked") -> ZA
A35: Costa Rica | B35: Costa Rica | C35: XP62606 | D35: =_xlfn.XLOOKUP(TRIM(B35),ActiveMD!B:B,ActiveMD!D:D,"notfound") -> notfound | E35: =_xlfn.XLOOKUP(TRIM(C35),ActiveMD!G:G,ActiveMD!D:D,"notfound") -> RAN | F35: =IF(D35=E35,D35,"need to be checked") -> need to be checked | G35: accloc is andean cluster
A36: Tunisia | B36: Morocco | C36: GT52354 | D36: =_xlfn.XLOOKUP(TRIM(B36),ActiveMD!B:B,ActiveMD!D:D,"notfound") -> MA | E36: =_xlfn.XLOOKUP(TRIM(C36),ActiveMD!G:G,ActiveMD!D:D,"notfound") -> MA | F36: =IF(D36=E36,D36,"need to be checked") -> MA
A37: United Arab Emirates | B37: Cluster Middle East | C37: NV50168 | D37: =_xlfn.XLOOKUP(TRIM(B37),ActiveMD!B:B,ActiveMD!D:D,"notfound") -> CME | E37: =_xlfn.XLOOKUP(TRIM(C37),ActiveMD!G:G,ActiveMD!D:D,"notfound") -> CME | F37: =IF(D37=E37,D37,"need to be checked") -> CME
A38: France | B38: France | C38: TB87741 | D38: =_xlfn.XLOOKUP(TRIM(B38),ActiveMD!B:B,ActiveMD!D:D,"notfound") -> FR | E38: =_xlfn.XLOOKUP(TRIM(C38),ActiveMD!G:G,ActiveMD!D:D,"notfound") -> FR | F38: =IF(D38=E38,D38,"need to be checked") -> FR
A39: Slovakia | B39: Czech Republic, Slovak Republic | C39: MN17341 | D39: =_xlfn.XLOOKUP(TRIM(B39),ActiveMD!B:B,ActiveMD!D:D,"notfound") -> CZSK | E39: =_xlfn.XLOOKUP(TRIM(C39),ActiveMD!G:G,ActiveMD!D:D,"notfound") -> CZSK | F39: =IF(D39=E39,D39,"need to be checked") -> CZSK
A40: Kyrgyzstan | B40: Kyrgyzstan | C40: ZC94311 | D40: =_xlfn.XLOOKUP(TRIM(B40),ActiveMD!B:B,ActiveMD!D:D,"notfound") -> notfound | E40: =_xlfn.XLOOKUP(TRIM(C40),ActiveMD!G:G,ActiveMD!D:D,"notfound") -> KZ | F40: =IF(D40=E40,D40,"need to be checked") -> need to be checked | G40: accloc is Kazakhstan
A41: Reunion | B41: South Africa | C41: JC24096 | D41: =_xlfn.XLOOKUP(TRIM(B41),ActiveMD!B:B,ActiveMD!D:D,"notfound") -> ZA | E41: =_xlfn.XLOOKUP(TRIM(C41),ActiveMD!G:G,ActiveMD!D:D,"notfound") -> ZA | F41: =IF(D41=E41,D41,"need to be checked") -> ZA
A42: Portugal | B42: Portugal | C42: QS39772 | D42: =_xlfn.XLOOKUP(TRIM(B42),ActiveMD!B:B,ActiveMD!D:D,"notfound") -> PT | E42: =_xlfn.XLOOKUP(TRIM(C42),ActiveMD!G:G,ActiveMD!D:D,"notfound") -> PT | F42: =IF(D42=E42,D42,"need to be checked") -> PT
A43: Andorra | B43: Spain | C43: QS39772 | D43: =_xlfn.XLOOKUP(TRIM(B43),ActiveMD!B:B,ActiveMD!D:D,"notfound") -> ES | E43: =_xlfn.XLOOKUP(TRIM(C43),ActiveMD!G:G,ActiveMD!D:D,"notfound") -> PT | F43: =IF(D43=E43,D43,"need to be checked") -> need to be checked | G43: accloc is Portugal
A44: Vanuatu | B44: Vanuatu | E44: =_xlfn.XLOOKUP(TRIM(C44),ActiveMD!G:G,ActiveMD!D:D,"notfound") -> notfound | F44: =IF(D44=E44,D44,"need to be checked") -> need to be checked | G44: not found

Sheet Sheet10
A1: Account Locator | B1: Country | C1: Region | J1: Distinct Account Locator
A2: AL36445 | B2: United Kingdom | C2: United Kingdom | J2: {=_xlfn.UNIQUE(A2:A43)} -> AL36445
A3: AW40842 | B3: Indonesia | C3: Indonesia | J3: AW40842
A4: BV97446 | B4: Germany | C4: Germany | J4: BV97446
A5: EA17288 | B5: Finland | C5: Cluster Nordics | J5: EA17288
A6: GT52354 | B6: Morocco | C6: Morocco | J6: GT52354
A7: GT52354 | B7: Libya | C7: Morocco | J7: JC24096
A8: GT52354 | B8: Tunisia | C8: Morocco | J8: JP13634
A9: JC24096 | B9: South Africa | C9: South Africa | J9: KC62702
A10: JC24096 | B10: Reunion | C10: South Africa | J10: KG15403
A11: JP13634 | B11: Austria | C11: Austria | J11: KM45799
A12: KC62702 | B12: Luxembourg | C12: Cluster Benelux | J12: LS15602
A13: KC62702 | B13: Belgium | C13: Cluster Benelux | J13: MN17341
A14: KG15403 | B14: Philippines | C14: Philippines | J14: MU28789
... A29: XDB62269 | B29: USA | C29: United States | J29: VP63759
A30: SW91921 | B30: Mexico | C30: Mexico
A31: TB87741 | B31: France | C31: France
A32: TQ34613 | B32: Taiwan | C32: Taiwan
A33: TX15762 | B33: Slovenia | C33: Cluster Croatia Slovenia
A34: TX15762 | B34: Croatia | C34: Cluster Croatia Slovenia
A35: US15333 | B35: Malta | C35: Cyprus
A36: XP62606 | B36: Dominican Republic | C36: Andean
A37: XP62606 | B37: Ecuador | C37: Andean
A38: XP62606 | B38: Guatemala | C38: Andean | J38: Account locator used
A39: XP62606 | B39: Costa Rica | C39: Andean | J39: AL36445
A40: ZC94311 | B40: Kyrgyzstan | C40: Kazakhstan | J40: AW40842
A41: ZR99368 | B41: Pakistan | C41: Pakistan | J41: BV97446
A42: VP63759 | B42: Bhutan | C42: Cambodia* | J42: EA17288
A43: VP63759 | B43: Maldives | C43: Cambodia* | J43: GT52354
J44: JC24096
J45: JP13634
J46: KC62702
J47: KG15403
J48: KM45799
J49: LS15602
J50: MN17341
J51: MU28789
J52: MZ13437
J53: NB65125
J54: NJ29393
J55: NV50168
... J63: ZR99368

Sheet Sheet6
A1: Country Name Ori | B1: Account Locator | C1: Identifier | D1: mapping account locator to documentation | E1: Matched? | F1: remarks
A2: Taiwan | B2: TQ34613 | C2: TW | D2: TW | E2: TW
A3: Armenia | B3: MZ13437 | C3: AM | D3: AM | E3: AM
A4: Morocco | B4: GT52354 | C4: MA | D4: MA | E4: MA
A5: Austria | B5: JP13634 | C5: AT | D5: AT | E5: AT
A6: Finland | B6: EA17288 | C6: CNRD | D6: CNRD | E6: CNRD
A7: Japan | B7: NB65125 | C7: JP | D7: JP | E7: JP
A8: Azerbaijan | B8: MU28789 | C8: AZ | D8: AZ | E8: AZ
A9: United States | B9: XDB62269 | C9: US | D9: US | E9: US
A10: Slovenia | B10: TX15762 | C10: CCSL | D10: CCSL | E10: CCSL
A11: Republic of Kosovo | B11: NJ29393 | C11: CSEE | D11: CSEE | E11: CSEE
A12: Luxembourg | B12: KC62702 | C12: CBNL | D12: CBNL | E12: CBNL
A13: Croatia | B13: TX15762 | C13: CCSL | D13: CCSL | E13: CCSL
... A35: Portugal | B35: QS39772 | C35: PT | D35: PT | E35: PT
A40: Dominican Republic | B40: XP62606 | C40: notfound | D40: RAN | E40: need to be checked | F40: accloc is andean cluster
A41: Bhutan | B41: VP63759 | C41: notfound | D41: notfound | E41: notfound
A42: Guatemala | B42: XP62606 | C42: notfound | D42: RAN | E42: need to be checked | F42: accloc is andean cluster
A43: Malta | B43: US15333 | C43: notfound | D43: CY | E43: need to be checked | F43: accloc is cyprus
A44: Maldives | B44: VP63759 | C44: notfound | D44: notfound | E44: notfound | F44: deleted
A45: Costa Rica | B45: XP62606 | C45: notfound | D45: RAN | E45: need to be checked | F45: accloc is andean cluster
A46: Kyrgyzstan | B46: ZC94311 | C46: notfound | D46: KZ | E46: need to be checked | F46: accloc is Kazakhstan
A47: Andorra | B47: QS39772 | C47: ES | D47: PT | E47: need to be checked | F47: accloc is Portugal
A48: Vanuatu | D48: notfound | E48: need to be checked | F48: not found
K52: ZC94311
K53: VP63759

Sheet Sheet8
A1: country_name | B1: account_locator | C1: identifier | D1: email | E1: email_single
A2: Taiwan | B2: TQ34613 | C2: TW | D2: =_xlfn.XLOOKUP([1]Sheet1!C2,[1]PIC!D:D,[1]PIC!E:E,"notfound") -> MinJung.Kim@pmi.com | E2: MinJung.Kim@pmi.com
A3: Armenia | B3: MZ13437 | C3: AM | D3: =_xlfn.XLOOKUP([1]Sheet1!C3,[1]PIC!D:D,[1]PIC!E:E,"notfound") -> Hamlet.Unusyan@pmi.com | E3: Hamlet.Unusyan@pmi.com
A4: Morocco | B4: GT52354 | C4: MA | D4: =_xlfn.XLOOKUP([1]Sheet1!C4,[1]PIC!D:D,[1]PIC!E:E,"notfound") -> Mohammed.Abdelfattah@pmi.com | E4: Mohammed.Abdelfattah@pmi.com
A5: Austria | B5: JP13634 | C5: AT | D5: =_xlfn.XLOOKUP([1]Sheet1!C5,[1]PIC!D:D,[1]PIC!E:E,"notfound") -> Ankit.Rohatgi@pmi.com | E5: Ankit.Rohatgi@pmi.com
A6: Finland | B6: EA17288 | C6: CNRD | D6: =_xlfn.XLOOKUP([1]Sheet1!C6,[1]PIC!D:D,[1]PIC!E:E,"notfound") -> Solmaz.Azimi@swma.se | E6: Solmaz.Azimi@swma.se | H6: to FI
A7: Japan | B7: NB65125 | C7: JP | D7: =_xlfn.XLOOKUP([1]Sheet1!C7,[1]PIC!D:D,[1]PIC!E:E,"notfound") -> Danny.Chang@pmi.com | E7: Danny.Chang@pmi.com
A8: Azerbaijan | B8: MU28789 | C8: AZ | D8: =_xlfn.XLOOKUP([1]Sheet1!C8,[1]PIC!D:D,[1]PIC!E:E,"notfound") -> Hamlet.Unusyan@pmi.com | E8: Hamlet.Unusyan@pmi.com
A9: United States | B9: XDB62269 | C9: US | D9: =_xlfn.XLOOKUP([1]Sheet1!C9,[1]PIC!D:D,[1]PIC!E:E,"notfound") -> Rafik.Bhura@smpmi.com | E9: Rafik.Bhura@smpmi.com
A10: Slovenia | B10: TX15762 | C10: CCSL | D10: =_xlfn.XLOOKUP([1]Sheet1!C10,[1]PIC!D:D,[1]PIC!E:E,"notfound") -> Danijal.Morankic@pmi.com | E10: Danijal.Morankic@pmi.com | H10: SI
A11: Republic of Kosovo | B11: NJ29393 | C11: CSEE | D11: nenad.djordjevic@pmi.com | E11: nenad.djordjevic@pmi.com | H11: RS
A12: Luxembourg | B12: KC62702 | C12: CBNL | D12: =_xlfn.XLOOKUP([1]Sheet1!C12,[1]PIC!D:D,[1]PIC!E:E," notfound") -> stefan.verschelden@pmi.com | E12: stefan.verschelden@pmi.com | H12: LU
A13: Croatia | B13: TX15762 | C13: CCSL | D13: =_xlfn.XLOOKUP([1]Sheet1!C13,[1]PIC!D:D,[1]PIC!E:E," notfound") -> Danijal.Morankic@pmi.com | E13: Danijal.Morankic@pmi.com | H13: HR | K13: CZ&SK
A14: Mexico | B14: SW91921 | C14: MX | D14: =_xlfn.XLOOKUP([1]Sheet1!C14,[1]PIC!D:D,[1]PIC!E:E," notfound") -> Daniel.Diaz@pmi.com | E14: Daniel.Diaz@pmi.com
A15: Pakistan | B15: ZR99368 | C15: PK | D15: =_xlfn.XLOOKUP([1]Sheet1!C15,[1]PIC!D:D,[1]PIC!E:E," notfound") -> Zainab.Imran@pmi.com | E15: Zainab.Imran@pmi.com
A16: Jordan | B16: KM45799 | C16: EG | D16: =_xlfn.XLOOKUP([1]Sheet1!C16,[1]PIC!D:D,[1]PIC!E:E," notfound") -> Mohammed.Abdelfattah@pmi.com | E16: Mohammed.Abdelfattah@pmi.com
A17: Czech Republic | B17: MN17341 | C17: CZSK | D17: =_xlfn.XLOOKUP([1]Sheet1!C17,[1]PIC!D:D,[1]PIC!E:E," notfound") -> Adam.Cellar@pmi.com | E17: Adam.Cellar@pmi.com | H17: CZ
A18: Belgium | B18: KC62702 | C18: CBNL | D18: =_xlfn.XLOOKUP([1]Sheet1!C18,[1]PIC!D:D,[1]PIC!E:E," notfound") -> stefan.verschelden@pmi.com | E18: stefan.verschelden@pmi.com | H18: BE
A19: Indonesia | B19: AW40842 | C19: ID | D19: =_xlfn.XLOOKUP([1]Sheet1!C19,[1]PIC!D:D,[1]PIC!E:E," notfound") -> Ingrid.Wijaya@sampoerna.com | E19: Ingrid.Wijaya@sampoerna.com
A20: Philippines | B20: KG15403 | C20: PH | D20: =_xlfn.XLOOKUP([1]Sheet1!C20,[1]PIC!D:D,[1]PIC!E:E," notfound") -> wilhelm.su@pmi.com | E20: wilhelm.su@pmi.com
A21: Egypt | B21: KM45799 | C21: EG | D21: =_xlfn.XLOOKUP([1]Sheet1!C21,[1]PIC!D:D,[1]PIC!E:E," notfound") -> Mohammed.Abdelfattah@pmi.com | E21: Mohammed.Abdelfattah@pmi.com
A22: Malaysia | B22: LS15602 | C22: CMY | D22: WaiKong.Leong@pmi.com | E22: WaiKong.Leong@pmi.com | H22: MY
A23: Libya | B23: GT52354 | C23: MA | D23: =_xlfn.XLOOKUP([1]Sheet1!C23,[1]PIC!D:D,[1]PIC!E:E," notfound") -> Mohammed.Abdelfattah@pmi.com | E23: Mohammed.Abdelfattah@pmi.com
A24: Ecuador | B24: XP62606 | C24: RAN | D24: =_xlfn.XLOOKUP([1]Sheet1!C24,[1]PIC!D:D,[1]PIC!E:E," notfound") -> Laura.PerezMonge@pmi.com | E24: Laura.PerezMonge@pmi.com | H24: EC
A25: Iraq | B25: NV50168 | C25: CME | D25: =_xlfn.XLOOKUP([1]Sheet1!C25,[1]PIC!D:D,[1]PIC!E:E," notfound") -> Levent.Asici@pmi.com | E25: Levent.Asici@pmi.com | H25: IQ
A26: United Kingdom | B26: AL36445 | C26: UK | D26: =_xlfn.XLOOKUP([1]Sheet1!C26,[1]PIC!D:D,[1]PIC!E:E," notfound") -> Guilherme.Pedroso@pmi.com | E26: Guilherme.Pedroso@pmi.com | H26: GB
A27: Palestine | B27: KM45799 | C27: EG | D27: =_xlfn.XLOOKUP([1]Sheet1!C27,[1]PIC!D:D,[1]PIC!E:E," notfound") -> Mohammed.Abdelfattah@pmi.com | E27: Mohammed.Abdelfattah@pmi.com
A28: Germany | B28: BV97446 | C28: DE | D28: =_xlfn.XLOOKUP([1]Sheet1!C28,[1]PIC!D:D,[1]PIC!E:E," notfound") -> Michael.Koeniger@pmi.com | E28: Michael.Koeniger@pmi.com
A29: South Africa | B29: JC24096 | C29: ZA | D29: Mohammed.Abdelfattah@pmi.com | E29: Mohammed.Abdelfattah@pmi.com
A30: Tunisia | B30: GT52354 | C30: MA | D30: =_xlfn.XLOOKUP([1]Sheet1!C30,[1]PIC!D:D,[1]PIC!E:E," notfound") -> Mohammed.Abdelfattah@pmi.com | E30: Mohammed.Abdelfattah@pmi.com
A31: United Arab Emirates | B31: NV50168 | C31: CME | D31: =_xlfn.XLOOKUP([1]Sheet1!C31,[1]PIC!D:D,[1]PIC!E:E," notfound") -> Levent.Asici@pmi.com | E31: Levent.Asici@pmi.com | H31: AE
A32: France | B32: TB87741 | C32: FR | D32: =_xlfn.XLOOKUP([1]Sheet1!C32,[1]PIC!D:D,[1]PIC!E:E," notfound") -> Xavier.Lachat@pmi.com | E32: Xavier.Lachat@pmi.com
A33: Slovakia | B33: MN17341 | C33: CZSK | D33: =_xlfn.XLOOKUP([1]Sheet1!C33,[1]PIC!D:D,[1]PIC!E:E," notfound") -> Adam.Cellar@pmi.com | E33: Adam.Cellar@pmi.com
A34: Reunion | B34: JC24096 | C34: ZA | D34: Mohammed.Abdelfattah@pmi.com | E34: Mohammed.Abdelfattah@pmi.com
A35: Portugal | B35: QS39772 | C35: PT | D35: =_xlfn.XLOOKUP([1]Sheet1!C35,[1]PIC!D:D,[1]PIC!E:E," notfound") -> diogo.algarvio@pmi.com | E35: diogo.algarvio@pmi.com
B36: ZC94311 | C36: KZ | D36: Zhanna.Imanbekova@pmi.com | E36: Zhanna.Imanbekova@pmi.com
B37: VP63759 | D37: MinhChuc.Ho@pmi.com | E37: MinhChuc.Ho@pmi.com

Sheet PIC
A1: Type | B1: Market/Function | C1: Identifier | D1: clean identifier | E1: Clean Email | F1: single email | G1: SPOC/Distribution List | H1: Head of DI&A | I1: DG Lead | J1: single IMDL | K1: IMDL Approvers | L1: Business System Owner | M1: Data Scientist/Analyst Approver | N1: Data Engineer Approver | O1: Technical Lead | P1: Node Owner
A2: Market | B2: ANDEAN (RAN) | C2: =IF(ISNUMBER(FIND("(",B2)),MID(B2,FIND("(",B2)+1,FIND(")",B2)-FIND("(",B2)-1),"") -> RAN | D2: RAN | E2: jailer.restrepo@pmi.com | F2: =IF(G2="","",TRIM(IF(ISNUMBER(FIND(";",G2)),LEFT(G2,FIND(";",G2)-1),G2))) -> jailer.restrepo@pmi.com | G2: jailer.restrepo@pmi.com; alejandro.arboleda@pmi.com; Laura.PerezMonge@pmi.com | H2: Gina.Prieto@pmi.com | I2: Laura.PerezMonge@pmi.com | J2: =IF(K2="","",TRIM(_xlfn.LET( _xlpm.text,K2, _xlpm.startPos,IF(ISNUMBER(SEARCH("DEL =",_xlpm.text)),SEARCH("DEL =",_xlpm.text)+6,IF(ISNUMBER(SEARCH("=",_xlpm.text)),SEARCH("=",_xlpm.text)+2,1)), _xlpm.endPos,IFERROR(SEARCH(";",_xlpm.text,_xlpm.startPos),LEN(_xlpm.text)+1), MID(_xlpm.text,_xlpm.startPos,_xlpm.endPos-_xlpm.startPos) ))) -> Laura.PerezMonge@pmi.com | K2: DEL = Laura.PerezMonge@pmi.com; DE = Laura.PerezMonge@pmi.com; DN= Laura.PerezMonge@pmi.com; DA = Laura.PerezMonge@pmi.com; DS = Laura.PerezMonge@pmi.com; C1 = Laura.PerezMonge@pmi.com | L2: Laura.PerezMonge@pmi.com | M2: tomas.jaramillo@pmi.com | N2: jailer.restrepo@pmi.com | O2: jailer.restrepo@pmi.com | P2: Jessica.Torres@pmi.com
A3: Market | B3: Armenia (AM) | C3: =IF(ISNUMBER(FIND("(",B3)),MID(B3,FIND("(",B3)+1,FIND(")",B3)-FIND("(",B3)-1),"") -> AM | D3: AM | E3: Hamlet.Unusyan@pmi.com | F3: =IF(G3="","",TRIM(IF(ISNUMBER(FIND(";",G3)),LEFT(G3,FIND(";",G3)-1),G3))) -> Hamlet.Unusyan@pmi.com | G3: Hamlet.Unusyan@pmi.com; Tali.Maron-Dotan@pmi.com; | H3: Konstantin.Mityushkin@pmi.com | I3: Konstantin.Mityushkin@pmi.com | J3: =IF(K3="","",TRIM(_xlfn.LET( _xlpm.text,K3, _xlpm.startPos,IF(ISNUMBER(SEARCH("DEL =",_xlpm.text)),SEARCH("DEL =",_xlpm.text)+6,IF(ISNUMBER(SEARCH("=",_xlpm.text)),SEARCH("=",_xlpm.text)+2,1)), _xlpm.endPos,IFERROR(SEARCH(";",_xlpm.text,_xlpm.startPos),LEN(_xlpm.text)+1), MID(_xlpm.text,_xlpm.startPos,_xlpm.endPos-_xlpm.startPos) ))) -> Hamlet.Unusyan@pmi.com | K3: DEL = Hamlet.Unusyan@pmi.com; DE = Hamlet.Unusyan@pmi.com; DN= Hamlet.Unusyan@pmi.com; DA = Hamlet.Unusyan@pmi.com; DS = Hamlet.Unusyan@pmi.com; C1 = Hamlet.Unusyan@pmi.com | L3: Hayk.Haykyan@pmi.com | M3: Hamlet.Unusyan@pmi.com | N3: Hamlet.Unusyan@pmi.com | O3: Hamlet.Unusyan@pmi.com | P3: Tali.Maron-Dotan@pmi.com
A4: Market | B4: Aspeya | C4: =IF(ISNUMBER(FIND("(",B4)),MID(B4,FIND("(",B4)+1,FIND(")",B4)-FIND("(",B4)-1),"") | E4: Cristina.Tsiambouris@pmi.com | F4: =IF(G4="","",TRIM(IF(ISNUMBER(FIND(";",G4)),LEFT(G4,FIND(";",G4)-1),G4))) -> Cristina.Tsiambouris@pmi.com | G4: Cristina.Tsiambouris@pmi.com; | J4: =IF(K4="","",TRIM(_xlfn.LET( _xlpm.text,K4, _xlpm.startPos,IF(ISNUMBER(SEARCH("DEL =",_xlpm.text)),SEARCH("DEL =",_xlpm.text)+6,IF(ISNUMBER(SEARCH("=",_xlpm.text)),SEARCH("=",_xlpm.text)+2,1)), _xlpm.endPos,IFERROR(SEARCH(";",_xlpm.text,_xlpm.startPos),LEN(_xlpm.text)+1), MID(_xlpm.text,_xlpm.startPos,_xlpm.endPos-_xlpm.startPos) ))) | M4: Andrey.Semenov@pmi.com; Scott.Mackenthun@pmi.com | O4: Castillo, Carlos E.
A5: Market | B5: Australia (AU) & New Zealand (NZ) | C5: =IF(ISNUMBER(FIND("(",B5)),MID(B5,FIND("(",B5)+1,FIND(")",B5)-FIND("(",B5)-1),"") -> AU | D5: AU | E5: Sobitha.Buthgamuwa@pmi.com | F5: =IF(G5="","",TRIM(IF(ISNUMBER(FIND(";",G5)),LEFT(G5,FIND(";",G5)-1),G5))) -> Sobitha.Buthgamuwa@pmi.com | G5: Sobitha.Buthgamuwa@pmi.com; Manikam.Nedumaran@contracted.pmi.com; Karen.Molina@pmi.com; YeeMun.Hoi@pmi.com | H5: RobertJoseph.Gereige@pmi.com | J5: =IF(K5="","",TRIM(_xlfn.LET( _xlpm.text,K5, _xlpm.startPos,IF(ISNUMBER(SEARCH("DEL =",_xlpm.text)),SEARCH("DEL =",_xlpm.text)+6,IF(ISNUMBER(SEARCH("=",_xlpm.text)),SEARCH("=",_xlpm.text)+2,1)), _xlpm.endPos,IFERROR(SEARCH(";",_xlpm.text,_xlpm.startPos),LEN(_xlpm.text)+1), MID(_xlpm.text,_xlpm.startPos,_xlpm.endPos-_xlpm.startPos) ))) -> Sobitha.Buthgamuwa@pmi.com | K5: DEL = Sobitha.Buthgamuwa@pmi.com; DE = Sobitha.Buthgamuwa@pmi.com; DN= Sobitha.Buthgamuwa@pmi.com; DA = Sobitha.Buthgamuwa@pmi.com; DS = Sobitha.Buthgamuwa@pmi.com; C1 = Sobitha.Buthgamuwa@pmi.com | L5: YeeMun.Hoi@pmi.com | M5: Sobitha.buthgamuwa@pmi.com | N5: Karen.Molina@pmi.com | O5: Karen.Molina@pmi.com | P5: sobitha.buthgamuwa@pmi.com
A6: Market | B6: Austria (AT) | C6: =IF(ISNUMBER(FIND("(",B6)),MID(B6,FIND("(",B6)+1,FIND(")",B6)-FIND("(",B6)-1),"") -> AT | D6: AT | E6: Ankit.Rohatgi@pmi.com | F6: =IF(G6="","",TRIM(IF(ISNUMBER(FIND(";",G6)),LEFT(G6,FIND(";",G6)-1),G6))) -> Ankit.Rohatgi@pmi.com | G6: Ankit.Rohatgi@pmi.com; eray.sentuerk@pmi.com; frank.goetz@pmi.com; | H6: frank.goetz@pmi.com | I6: Ankit.Rohatgi@pmi.com | J6: =IF(K6="","",TRIM(_xlfn.LET( _xlpm.text,K6, _xlpm.startPos,IF(ISNUMBER(SEARCH("DEL =",_xlpm.text)),SEARCH("DEL =",_xlpm.text)+6,IF(ISNUMBER(SEARCH("=",_xlpm.text)),SEARCH("=",_xlpm.text)+2,1)), _xlpm.endPos,IFERROR(SEARCH(";",_xlpm.text,_xlpm.startPos),LEN(_xlpm.text)+1), MID(_xlpm.text,_xlpm.startPos,_xlpm.endPos-_xlpm.startPos) ))) -> Ankit.Rohatgi@pmi.com | K6: DEL = Ankit.Rohatgi@pmi.com; DE = Ankit.Rohatgi@pmi.com; DN= Ankit.Rohatgi@pmi.com; DA = Ankit.Rohatgi@pmi.com; DS = Ankit.Rohatgi@pmi.com; C1 = Ankit.Rohatgi@pmi.com | L6: Ankit.Rohatgi@pmi.com | M6: frank.goetz@pmi.com | N6: eray.sentuerk@pmi.com | O6: Ankit.Rohatgi@pmi.com; | P6: Jitka.Hajkova@pmi.com
A7: Market | B7: Azerbaijan (AZ) | C7: =IF(ISNUMBER(FIND("(",B7)),MID(B7,FIND("(",B7)+1,FIND(")",B7)-FIND("(",B7)-1),"") -> AZ | D7: AZ | E7: Hamlet.Unusyan@pmi.com | F7: =IF(G7="","",TRIM(IF(ISNUMBER(FIND(";",G7)),LEFT(G7,FIND(";",G7)-1),G7))) -> Hamlet.Unusyan@pmi.com | G7: Hamlet.Unusyan@pmi.com; Tali.Maron-Dotan@pmi.com; | H7: Konstantin.Mityushkin@pmi.com | I7: Konstantin.Mityushkin@pmi.com | J7: =IF(K7="","",TRIM(_xlfn.LET( _xlpm.text,K7, _xlpm.startPos,IF(ISNUMBER(SEARCH("DEL =",_xlpm.text)),SEARCH("DEL =",_xlpm.text)+6,IF(ISNUMBER(SEARCH("=",_xlpm.text)),SEARCH("=",_xlpm.text)+2,1)), _xlpm.endPos,IFERROR(SEARCH(";",_xlpm.text,_xlpm.startPos),LEN(_xlpm.text)+1), MID(_xlpm.text,_xlpm.startPos,_xlpm.endPos-_xlpm.startPos) ))) -> Hamlet.Unusyan@pmi.com | K7: DEL = Hamlet.Unusyan@pmi.com; DE = Hamlet.Unusyan@pmi.com; DN= Hamlet.Unusyan@pmi.com; DA = Hamlet.Unusyan@pmi.com; DS = Hamlet.Unusyan@pmi.com; C1 = Hamlet.Unusyan@pmi.com | L7: Igor.Nikonenko@pmi.com | M7: Hamlet.Unusyan@pmi.com | N7: Hamlet.Unusyan@pmi.com | O7: Hamlet.Unusyan@pmi.com | P7: Tali.Maron-Dotan@pmi.com
A8: Market | B8: Baltics Cluster (CBLT) | C8: =IF(ISNUMBER(FIND("(",B8)),MID(B8,FIND("(",B8)+1,FIND(")",B8)-FIND("(",B8)-1),"") -> CBLT | D8: CBLT | E8: monika.urbanaviciute@pmi.com | F8: =IF(G8="","",TRIM(IF(ISNUMBER(FIND(";",G8)),LEFT(G8,FIND(";",G8)-1),G8))) -> monika.urbanaviciute@pmi.com | G8: monika.urbanaviciute@pmi.com; paula.pratuseviciute@pmi.com; aliaksei.karneyavets@pmi.com; jelena.mirzojeva@pmi.com; | I8: Paula.Pratuseviciute@pmi.com | J8: =IF(K8="","",TRIM(_xlfn.LET( _xlpm.text,K8, _xlpm.startPos,IF(ISNUMBER(SEARCH("DEL =",_xlpm.text)),SEARCH("DEL =",_xlpm.text)+6,IF(ISNUMBER(SEARCH("=",_xlpm.text)),SEARCH("=",_xlpm.text)+2,1)), _xlpm.endPos,IFERROR(SEARCH(";",_xlpm.text,_xlpm.startPos),LEN(_xlpm.text)+1), MID(_xlpm.text,_xlpm.startPos,_xlpm.endPos-_xlpm.startPos) ))) -> Aliaksei.Karneyavets@pmi.com | K8: DEL = Aliaksei.Karneyavets@pmi.com; DE = Paula.Pratuseviciute@pmi.com; DN= Paula.Pratuseviciute@pmi.com; DA = Paula.Pratuseviciute@pmi.com; DS = Paula.Pratuseviciute@pmi.com; C1 = Paula.Pratuseviciute@pmi.com | L8: Paula.Pratuseviciute@pmi.com | M8: Paula.Pratuseviciute@pmi.com | N8: aliaksei.karneyavets@pmi.com | O8: aliaksei.karneyavets@pmi.com | P8: Joanna.Adamczak@pmi.com
A9: Market | B9: Benelux (CBNL) | C9: =IF(ISNUMBER(FIND("(",B9)),MID(B9,FIND("(",B9)+1,FIND(")",B9)-FIND("(",B9)-1),"") -> CBNL | D9: CBNL | E9: stefan.verschelden@pmi.com | F9: =IF(G9="","",TRIM(IF(ISNUMBER(FIND(";",G9)),LEFT(G9,FIND(";",G9)-1),G9))) -> stefan.verschelden@pmi.com | G9: stefan.verschelden@pmi.com; dmitry.dunaev@pmi.com; Thomas.Carrolo@pmi.com; | H9: Alexey.Kayuchenko@pmi.com | J9: =IF(K9="","",TRIM(_xlfn.LET( _xlpm.text,K9, _xlpm.startPos,IF(ISNUMBER(SEARCH("DEL =",_xlpm.text)),SEARCH("DEL =",_xlpm.text)+6,IF(ISNUMBER(SEARCH("=",_xlpm.text)),SEARCH("=",_xlpm.text)+2,1)), _xlpm.endPos,IFERROR(SEARCH(";",_xlpm.text,_xlpm.startPos),LEN(_xlpm.text)+1), MID(_xlpm.text,_xlpm.startPos,_xlpm.endPos-_xlpm.startPos) ))) -> stefan.verschelden@pmi.com | K9: DEL = stefan.verschelden@pmi.com; DE = stefan.verschelden@pmi.com; DN= kamil.sawczak@pmi.com and mladen.vukasinovic@pmi.com; DA = stefan.verschelden@pmi.com; DS = kamil.sawczak@pmi.com and mladen.vukasinovic@pmi.com; C1 = mladen.vukasinovic@pmi.com | L9: stefan.verschelden@pmi.com | M9: dmitry.dunaev@pmi.com | N9: stefan.verschelden@pmi.com | O9: stefan.verschelden@pmi.com | P9: valerie.vanspaendonck@pmi.com
A10: Market | B10: Bulgaria (BG) | C10: =IF(ISNUMBER(FIND("(",B10)),MID(B10,FIND("(",B10)+1,FIND(")",B10)-FIND("(",B10)-1),"") -> BG | D10: BG | E10: Thanassis.Sagriotis@pmi.com | F10: =IF(G10="","",TRIM(IF(ISNUMBER(FIND(";",G10)),LEFT(G10,FIND(";",G10)-1),G10))) -> Thanassis.Sagriotis@pmi.com | G10: Thanassis.Sagriotis@pmi.com; simona.todorova@pmi.com; zlatina.hristova-pencheva@pmi.com; elitsa.deyanova@pmi.com; | H10: Danail.Gardev@pmi.com | J10: =IF(K10="","",TRIM(_xlfn.LET( _xlpm.text,K10, _xlpm.startPos,IF(ISNUMBER(SEARCH("DEL =",_xlpm.text)),SEARCH("DEL =",_xlpm.text)+6,IF(ISNUMBER(SEARCH("=",_xlpm.text)),SEARCH("=",_xlpm.text)+2,1)), _xlpm.endPos,IFERROR(SEARCH(";",_xlpm.text,_xlpm.startPos),LEN(_xlpm.text)+1), MID(_xlpm.text,_xlpm.startPos,_xlpm.endPos-_xlpm.startPos) ))) -> Sabina.Rakova@pmi.com | K10: DEL = Sabina.Rakova@pmi.com; DE = Sabina.Rakova@pmi.com; DN= Sabina.Rakova@pmi.com; DA = Sabina.Rakova@pmi.com; DS = Sabina.Rakova@pmi.com; C1 = Sabina.Rakova@pmi.com | L10: Sabina.Rakova@pmi.com | M10: simona.todorova@pmi.com | N10: Thanassis.Sagriotis@pmi.com; | O10: Thanassis.Sagriotis@pmi.com; ioannis.theodosiou@pmi.com | P10: Stathis.Fasolis@pmi.com
A11: Market | B11: Brazil (BR) | C11: =IF(ISNUMBER(FIND("(",B11)),MID(B11,FIND("(",B11)+1,FIND(")",B11)-FIND("(",B11)-1),"") -> BR | D11: BR | E11: jonas.cruz@pmi.com | F11: =IF(G11="","",TRIM(IF(ISNUMBER(FIND(";",G11)),LEFT(G11,FIND(";",G11)-1),G11))) -> jonas.cruz@pmi.com | G11: jonas.cruz@pmi.com; fernando.varani@pmi.com; Carolinne.Baltazar@pmi.com; camile.fracasso@pmi.com | H11: camile.fracasso@pmi.com | I11: David.Rodrigues@pmi.com | J11: =IF(K11="","",TRIM(_xlfn.LET( _xlpm.text,K11, _xlpm.startPos,IF(ISNUMBER(SEARCH("DEL =",_xlpm.text)),SEARCH("DEL =",_xlpm.text)+6,IF(ISNUMBER(SEARCH("=",_xlpm.text)),SEARCH("=",_xlpm.text)+2,1)), _xlpm.endPos,IFERROR(SEARCH(";",_xlpm.text,_xlpm.startPos),LEN(_xlpm.text)+1), MID(_xlpm.text,_xlpm.startPos,_xlpm.endPos-_xlpm.startPos) ))) -> jonas.cruz@pmi.com | K11: DEL = jonas.cruz@pmi.com; DE = fabio.garcia@pmi.com; DN= jonas.cruz@pmi.com; DA = jonas.cruz@pmi.com; DS = Marcelo.Alarcon@pmi.com; C1 = David.Rodrigues@pmi.com | L11: camile.fracasso@pmi.com | M11: fernando.varani@pmi.com | N11: jonas.cruz@pmi.com | O11: jonas.cruz@pmi.com | P11: Carolinne.Baltazar@pmi.com
A12: Market | B12: Cambodia (KH) | C12: =IF(ISNUMBER(FIND("(",B12)),MID(B12,FIND("(",B12)+1,FIND(")",B12)-FIND("(",B12)-1),"") -> KH | D12: KH | E12: MinhChuc.Ho@pmi.com | F12: =IF(G12="","",TRIM(IF(ISNUMBER(FIND(";",G12)),LEFT(G12,FIND(";",G12)-1),G12))) -> MinhChuc.Ho@pmi.com | G12: MinhChuc.Ho@pmi.com; CharlesCedric.Tanedo@pmi.com; | J12: =IF(K12="","",TRIM(_xlfn.LET( _xlpm.text,K12, _xlpm.startPos,IF(ISNUMBER(SEARCH("DEL =",_xlpm.text)),SEARCH("DEL =",_xlpm.text)+6,IF(ISNUMBER(SEARCH("=",_xlpm.text)),SEARCH("=",_xlpm.text)+2,1)), _xlpm.endPos,IFERROR(SEARCH(";",_xlpm.text,_xlpm.startPos),LEN(_xlpm.text)+1), MID(_xlpm.text,_xlpm.startPos,_xlpm.endPos-_xlpm.startPos) ))) | M12: MinhChuc.Ho@pmi.com | N12: MinhChuc.Ho@pmi.com | O12: MinhChuc.Ho@pmi.com | P12: CharlesCedric.Tanedo@pmi.com
A13: Market | B13: Canada (CA) | C13: =IF(ISNUMBER(FIND("(",B13)),MID(B13,FIND("(",B13)+1,FIND(")",B13)-FIND("(",B13)-1),"") -> CA | D13: CA | E13: joanne.estacion@rbhinc.ca | F13: =IF(G13="","",TRIM(IF(ISNUMBER(FIND(";",G13)),LEFT(G13,FIND(";",G13)-1),G13))) -> joanne.estacion@rbhinc.ca | G13: joanne.estacion@rbhinc.ca; Preeti.Matkar@rbhinc.ca; | H13: Preeti.Matkar@rbhinc.ca | I13: Preeti.Matkar@rbhinc.ca | J13: =IF(K13="","",TRIM(_xlfn.LET( _xlpm.text,K13, _xlpm.startPos,IF(ISNUMBER(SEARCH("DEL =",_xlpm.text)),SEARCH("DEL =",_xlpm.text)+6,IF(ISNUMBER(SEARCH("=",_xlpm.text)),SEARCH("=",_xlpm.text)+2,1)), _xlpm.endPos,IFERROR(SEARCH(";",_xlpm.text,_xlpm.startPos),LEN(_xlpm.text)+1), MID(_xlpm.text,_xlpm.startPos,_xlpm.endPos-_xlpm.startPos) ))) -> Preeti.Matkar@rbhinc.ca | K13: DEL = Preeti.Matkar@rbhinc.ca; DE = Preeti.Matkar@rbhinc.ca; DN= Preeti.Matkar@rbhinc.ca; DA = Preeti.Matkar@rbhinc.ca; DS = Preeti.Matkar@rbhinc.ca; C1 = Preeti.Matkar@rbhinc.ca | L13: Preeti.Matkar@rbhinc.ca | M13: Dimitra.Roustas@rbhinc.ca | N13: joanne.estacion@rbhinc.ca | O13: joanne.estacion@rbhinc.ca | P13: Patrick.Codere@rbhinc.ca
A14: Market | B14: CARICAM (CCAR) | C14: =IF(ISNUMBER(FIND("(",B14)),MID(B14,FIND("(",B14)+1,FIND(")",B14)-FIND("(",B14)-1),"") -> CCAR | D14: CCAR | E14: Daniel.Diaz@pmi.com | F14: =IF(G14="","",TRIM(IF(ISNUMBER(FIND(";",G14)),LEFT(G14,FIND(";",G14)-1),G14))) -> Daniel.Diaz@pmi.com | G14: Daniel.Diaz@pmi.com; | H14: Gina.Prieto@pmi.com | I14: Laura.PerezMonge@pmi.com | J14: =IF(K14="","",TRIM(_xlfn.LET( _xlpm.text,K14, _xlpm.startPos,IF(ISNUMBER(SEARCH("DEL =",_xlpm.text)),SEARCH("DEL =",_xlpm.text)+6,IF(ISNUMBER(SEARCH("=",_xlpm.text)),SEARCH("=",_xlpm.text)+2,1)), _xlpm.endPos,IFERROR(SEARCH(";",_xlpm.text,_xlpm.startPos),LEN(_xlpm.text)+1), MID(_xlpm.text,_xlpm.startPos,_xlpm.endPos-_xlpm.startPos) ))) | M14: Tomas.Jaramillo@pmi.com | N14: Daniel.Diaz@pmi.com | O14: Daniel.Diaz@pmi.com | P14: Yahir.Rojas@pmi.com
A15: Function | B15: Commercial (COMM) | C15: =IF(ISNUMBER(FIND("(",B15)),MID(B15,FIND("(",B15)+1,FIND(")",B15)-FIND("(",B15)-1),"") -> COMM | D15: COMM | E15: dorde.rankovic@pmi.com | F15: =IF(G15="","",TRIM(IF(ISNUMBER(FIND(";",G15)),LEFT(G15,FIND(";",G15)-1),G15))) -> dorde.rankovic@pmi.com | G15: dorde.rankovic@pmi.com; RickyAnders.Saputra@sampoerna.com; Deniz.Altunsoy@pmi.com; | J15: =IF(K15="","",TRIM(_xlfn.LET( _xlpm.text,K15, _xlpm.startPos,IF(ISNUMBER(SEARCH("DEL =",_xlpm.text)),SEARCH("DEL =",_xlpm.text)+6,IF(ISNUMBER(SEARCH("=",_xlpm.text)),SEARCH("=",_xlpm.text)+2,1)), _xlpm.endPos,IFERROR(SEARCH(";",_xlpm.text,_xlpm.startPos),LEN(_xlpm.text)+1), MID(_xlpm.text,_xlpm.startPos,_xlpm.endPos-_xlpm.startPos) ))) -> Saputra, Ricky Anders | K15: DE / DEL = Saputra, Ricky Anders; DN = Mackenthun, Scott; DA = Detroyat, Jacques; DS = Semenov, Andrey | L15: Seifert, Bjoern
A16: Function | B16: Consumer (CONS) | C16: =IF(ISNUMBER(FIND("(",B16)),MID(B16,FIND("(",B16)+1,FIND(")",B16)-FIND("(",B16)-1),"") -> CONS | D16: CONS | E16: PaulusIndra.Salim@sampoerna.com | F16: =IF(G16="","",TRIM(IF(ISNUMBER(FIND(";",G16)),LEFT(G16,FIND(";",G16)-1),G16))) -> PaulusIndra.Salim@sampoerna.com | G16: PaulusIndra.Salim@sampoerna.com; dorde.rankovic@pmi.com Deniz.Altunsoy@pmi.com; | J16: =IF(K16="","",TRIM(_xlfn.LET( _xlpm.text,K16, _xlpm.startPos,IF(ISNUMBER(SEARCH("DEL =",_xlpm.text)),SEARCH("DEL =",_xlpm.text)+6,IF(ISNUMBER(SEARCH("=",_xlpm.text)),SEARCH("=",_xlpm.text)+2,1)), _xlpm.endPos,IFERROR(SEARCH(";",_xlpm.text,_xlpm.startPos),LEN(_xlpm.text)+1), MID(_xlpm.text,_xlpm.startPos,_xlpm.endPos-_xlpm.startPos) ))) -> Salim, Paulus Indra | K16: DE / DEL = Salim, Paulus Indra; DN = Mackenthun, Scott; DA = Detroyat, Jacques; DS = Semenov, Andrey | L16: Seifert, Bjoern | M16: Semenov, Andrey; Scott.Mackenthun@pmi.com | N16: PaulusIndra.Salim@sampoerna.com | O16: PaulusIndra.Salim@sampoerna.com | P16: Bjoern.Seifert@pmi.com
A17: Function | B17: Corporate (CORP) | C17: =IF(ISNUMBER(FIND("(",B17)),MID(B17,FIND("(",B17)+1,FIND(")",B17)-FIND("(",B17)-1),"") -> CORP | D17: CORP | E17: Bruna.Carvalho@pmi.com | F17: =IF(G17="","",TRIM(IF(ISNUMBER(FIND(";",G17)),LEFT(G17,FIND(";",G17)-1),G17))) -> Bruna.Carvalho@pmi.com Teresa.Fernandes@pmi.com Przemyslaw.Dankiewicz@contracted.pmi.com | G17: Bruna.Carvalho@pmi.com Teresa.Fernandes@pmi.com Przemyslaw.Dankiewicz@contracted.pmi.com | J17: =IF(K17="","",TRIM(_xlfn.LET( _xlpm.text,K17, _xlpm.startPos,IF(ISNUMBER(SEARCH("DEL =",_xlpm.text)),SEARCH("DEL =",_xlpm.text)+6,IF(ISNUMBER(SEARCH("=",_xlpm.text)),SEARCH("=",_xlpm.text)+2,1)), _xlpm.endPos,IFERROR(SEARCH(";",_xlpm.text,_xlpm.startPos),LEN(_xlpm.text)+1), MID(_xlpm.text,_xlpm.startPos,_xlpm.endPos-_xlpm.startPos) ))) -> Fernandes, Teresa | K17: DE / DEL = Fernandes, Teresa; DN = Mackenthun, Scott; DA = Detroyat, Jacques; DS = Semenov, Andrey | L17: Seifert, Bjoern | M17: Semenov, Andrey; Scott.Mackenthun@pmi.com | N17: Fernandes, Teresa | O17: Fernandes, Teresa | P17: Bjoern.Seifert@pmi.com
A18: Market | B18: Croatia & Slovenia (CCSL) | C18: =IF(ISNUMBER(FIND("(",B18)),MID(B18,FIND("(",B18)+1,FIND(")",B18)-FIND("(",B18)-1),"") -> CCSL | D18: CCSL | E18: Stathis.Fasolis@pmi.com | F18: =IF(G18="","",TRIM(IF(ISNUMBER(FIND(";",G18)),LEFT(G18,FIND(";",G18)-1),G18))) -> Stathis.Fasolis@pmi.com | G18: Stathis.Fasolis@pmi.com; vladimir.petrovic@pmi.com; | H18: Danijal.Morankic@pmi.com | I18: Owner & Approver: Hadjiossif, Kyriaki (Kyriaki.Hadjiossif@pmi.com) | J18: =IF(K18="","",TRIM(_xlfn.LET( _xlpm.text,K18, _xlpm.startPos,IF(ISNUMBER(SEARCH("DEL =",_xlpm.text)),SEARCH("DEL =",_xlpm.text)+6,IF(ISNUMBER(SEARCH("=",_xlpm.text)),SEARCH("=",_xlpm.text)+2,1)), _xlpm.endPos,IFERROR(SEARCH(";",_xlpm.text,_xlpm.startPos),LEN(_xlpm.text)+1), MID(_xlpm.text,_xlpm.startPos,_xlpm.endPos-_xlpm.startPos) ))) -> Danijal.Morankic@pmi.com | K18: DEL = Danijal.Morankic@pmi.com; DE = Danijal.Morankic@pmi.com; DN= Danijal.Morankic@pmi.com; DA = Danijal.Morankic@pmi.com; DS = Danijal.Morankic@pmi.com; C1 = Danijal.Morankic@pmi.com | L18: Danijal.Morankic@pmi.com | M18: danijal.morankic@pmi.com | N18: vladimir.petrovic@pmi.com | O18: vladimir.petrovic@pmi.com | P18: Stathis.Fasolis@pmi.com
A19: Market | B19: Cyprus (CY) | C19: =IF(ISNUMBER(FIND("(",B19)),MID(B19,FIND("(",B19)+1,FIND(")",B19)-FIND("(",B19)-1),"") -> CY | D19: CY | E19: stathis.fasolis@pmi.com | F19: =IF(G19="","",TRIM(IF(ISNUMBER(FIND(";",G19)),LEFT(G19,FIND(";",G19)-1),G19))) -> stathis.fasolis@pmi.com | G19: stathis.fasolis@pmi.com; Kyriaki.Hadjiossif@pmi.com; Ioannis.Theodosiou@pmi.com; | H19: Vasileios.Botopoulos@pmi.com | I19: Emmanouil.Mitsis@pmi.com | J19: =IF(K19="","",TRIM(_xlfn.LET( _xlpm.text,K19, _xlpm.startPos,IF(ISNUMBER(SEARCH("DEL =",_xlpm.text)),SEARCH("DEL =",_xlpm.text)+6,IF(ISNUMBER(SEARCH("=",_xlpm.text)),SEARCH("=",_xlpm.text)+2,1)), _xlpm.endPos,IFERROR(SEARCH(";",_xlpm.text,_xlpm.startPos),LEN(_xlpm.text)+1), MID(_xlpm.text,_xlpm.startPos,_xlpm.endPos-_xlpm.startPos) ))) -> Kyriaki.Hadjiossif@pmi.com | K19: DEL = Kyriaki.Hadjiossif@pmi.com; DE = Kyriaki.Hadjiossif@pmi.com; DN= Kyriaki.Hadjiossif@pmi.com; DA = Kyriaki.Hadjiossif@pmi.com; DS = Kyriaki.Hadjiossif@pmi.com; C1 = Kyriaki.Hadjiossif@pmi.com | L19: Vasileios.Botopoulos@pmi.com | M19: Kyriaki.Hadjiossif@pmi.com | N19: Ioannis.Theodosiou@pmi.com | O19: Ioannis.Theodosiou@pmi.com | P19: stathis.fasolis@pmi.com
A20: Market | B20: Czech (CZ) & Slovakia (SK) | C20: =IF(ISNUMBER(FIND("(",B20)),MID(B20,FIND("(",B20)+1,FIND(")",B20)-FIND("(",B20)-1),"") -> CZ | D20: CZ | E20: martin.snizek@pmi.com | F20: =IF(G20="","",TRIM(IF(ISNUMBER(FIND(";",G20)),LEFT(G20,FIND(";",G20)-1),G20))) -> martin.snizek@pmi.com | G20: martin.snizek@pmi.com; marco.genca@pmi.com; michal.vilimek@pmi.com; adam.cellar@pmi.com; | H20: Marek.Haller@pmi.com | J20: =IF(K20="","",TRIM(_xlfn.LET( _xlpm.text,K20, _xlpm.startPos,IF(ISNUMBER(SEARCH("DEL =",_xlpm.text)),SEARCH("DEL =",_xlpm.text)+6,IF(ISNUMBER(SEARCH("=",_xlpm.text)),SEARCH("=",_xlpm.text)+2,1)), _xlpm.endPos,IFERROR(SEARCH(";",_xlpm.text,_xlpm.startPos),LEN(_xlpm.text)+1), MID(_xlpm.text,_xlpm.startPos,_xlpm.endPos-_xlpm.startPos) ))) -> Adam.Cellar@pmi.com | K20: DEL = Adam.Cellar@pmi.com; DE = Adam.Cellar@pmi.com; DN= Adam.Cellar@pmi.com; DA = Adam.Cellar@pmi.com; DS = Adam.Cellar@pmi.com; C1 = Adam.Cellar@pmi.com | L20: Adam.Cellar@pmi.com | M20: adam.cellar@pmi.com | N20: marco.genca@pmi.com | O20: marco.genca@pmi.com; | P20: Jiri.Blaha@pmi.com
A21: Function | B21: Duty Free (FDF) | C21: =IF(ISNUMBER(FIND("(",B21)),MID(B21,FIND("(",B21)+1,FIND(")",B21)-FIND("(",B21)-1),"") -> FDF | D21: FDF | E21: andre.elkhoury@pmi.com | F21: =IF(G21="","",TRIM(IF(ISNUMBER(FIND(";",G21)),LEFT(G21,FIND(";",G21)-1),G21))) -> andre.elkhoury@pmi.com | G21: andre.elkhoury@pmi.com; Edward.Gough@pmi.com | H21: Edward.Gough@pmi.com | I21: Alexey.Kayuchenko@pmi.com | J21: =IF(K21="","",TRIM(_xlfn.LET( _xlpm.text,K21, _xlpm.startPos,IF(ISNUMBER(SEARCH("DEL =",_xlpm.text)),SEARCH("DEL =",_xlpm.text)+6,IF(ISNUMBER(SEARCH("=",_xlpm.text)),SEARCH("=",_xlpm.text)+2,1)), _xlpm.endPos,IFERROR(SEARCH(";",_xlpm.text,_xlpm.startPos),LEN(_xlpm.text)+1), MID(_xlpm.text,_xlpm.startPos,_xlpm.endPos-_xlpm.startPos) ))) -> Andre.ElKhoury@pmi.com | K21: DEL = Andre.ElKhoury@pmi.com; DE = Andre.ElKhoury@pmi.com; DN= Andre.ElKhoury@pmi.com; DA = Andre.ElKhoury@pmi.com; DS = Andre.ElKhoury@pmi.com; C1 = Andre.ElKhoury@pmi.com | L21: Andre.ElKhoury@pmi.com | M21: edward.gough@pmi.com | N21: andre.elkhoury@pmi.com | O21: andre.elkhoury@pmi.com | P21: andre.elkhoury@pmi.com
A22: Capability | B22: EAD (FEA) - Functional EAD node for testing | C22: =IF(ISNUMBER(FIND("(",B22)),MID(B22,FIND("(",B22)+1,FIND(")",B22)-FIND("(",B22)-1),"") -> FEA | D22: FEA | E22: Kamil.Trzepizur@pmi.com | F22: =IF(G22="","",TRIM(IF(ISNUMBER(FIND(";",G22)),LEFT(G22,FIND(";",G22)-1),G22))) -> Kamil.Trzepizur@pmi.com | G22: Kamil.Trzepizur@pmi.com; Bjoern.Seifert@pmi.com; Othmane.Guessous@pmi.com; Tegar.Raharditya@sampoerna.com; Rafal.Sawicki@contracted.pmi.com | J22: =IF(K22="","",TRIM(_xlfn.LET( _xlpm.text,K22, _xlpm.startPos,IF(ISNUMBER(SEARCH("DEL =",_xlpm.text)),SEARCH("DEL =",_xlpm.text)+6,IF(ISNUMBER(SEARCH("=",_xlpm.text)),SEARCH("=",_xlpm.text)+2,1)), _xlpm.endPos,IFERROR(SEARCH(";",_xlpm.text,_xlpm.startPos),LEN(_xlpm.text)+1), MID(_xlpm.text,_xlpm.startPos,_xlpm.endPos-_xlpm.startPos) ))) -> Kamil.Trzepizur@pmi.com | K22: Kamil.Trzepizur@pmi.com | L22: Bjoern.Seifert@pmi.com | M22: N/A | N22: N/A | O22: N/A | P22: Bjoern.Seifert@pmi.com
A23: Market | B23: Egypt (EG) | C23: =IF(ISNUMBER(FIND("(",B23)),MID(B23,FIND("(",B23)+1,FIND(")",B23)-FIND("(",B23)-1),"") -> EG | D23: EG | E23: Mohammed.Abdelfattah@pmi.com | F23: =IF(G23="","",TRIM(IF(ISNUMBER(FIND(";",G23)),LEFT(G23,FIND(";",G23)-1),G23))) -> Mohammed.Abdelfattah@pmi.com | G23: Mohammed.Abdelfattah@pmi.com; Wissam.ElSabeh@pmi.com; mohamed.tawfik@pmi.com; Omar.Alashqar@pmi.com; | H23: Patrick.Bernard@pmi.com | I23: mohamed.tawfik@pmi.com | J23: =IF(K23="","",TRIM(_xlfn.LET( _xlpm.text,K23, _xlpm.startPos,IF(ISNUMBER(SEARCH("DEL =",_xlpm.text)),SEARCH("DEL =",_xlpm.text)+6,IF(ISNUMBER(SEARCH("=",_xlpm.text)),SEARCH("=",_xlpm.text)+2,1)), _xlpm.endPos,IFERROR(SEARCH(";",_xlpm.text,_xlpm.startPos),LEN(_xlpm.text)+1), MID(_xlpm.text,_xlpm.startPos,_xlpm.endPos-_xlpm.startPos) ))) -> Mohammed.Abdelfattah@pmi.com | K23: DEL = Mohammed.Abdelfattah@pmi.com; DE = Mohammed.Abdelfattah@pmi.com; DN= mohamed.tawfik@pmi.com;; DA = Mohammed.Abdelfattah@pmi.com; DS = mohamed.tawfik@pmi.com;; C1 = mohamed.tawfik@pmi.com | L23: mohamed.tawfik@pmi.com | M23: mohamed.tawfik@pmi.com; | N23: Mohammed.Abdelfattah@pmi.com | O23: Mohammed.Abdelfattah@pmi.com | P23: aziz.maghzal@pmi.com
A24: Admin | B24: Functional Admin Node (FAD) | C24: =IF(ISNUMBER(FIND("(",B24)),MID(B24,FIND("(",B24)+1,FIND(")",B24)-FIND("(",B24)-1),"") -> FAD | D24: FAD | E24: Catarina.Oliveira@pmi.com | F24: =IF(G24="","",TRIM(IF(ISNUMBER(FIND(";",G24)),LEFT(G24,FIND(";",G24)-1),G24))) -> Catarina.Oliveira@pmi.com | G24: Catarina.Oliveira@pmi.com; Barbara.Borczyk@pmi.com; | J24: =IF(K24="","",TRIM(_xlfn.LET( _xlpm.text,K24, _xlpm.startPos,IF(ISNUMBER(SEARCH("DEL =",_xlpm.text)),SEARCH("DEL =",_xlpm.text)+6,IF(ISNUMBER(SEARCH("=",_xlpm.text)),SEARCH("=",_xlpm.text)+2,1)), _xlpm.endPos,IFERROR(SEARCH(";",_xlpm.text,_xlpm.startPos),LEN(_xlpm.text)+1), MID(_xlpm.text,_xlpm.startPos,_xlpm.endPos-_xlpm.startPos) ))) | M24: Catarina.Oliveira@pmi.com | N24: Catarina.Oliveira@pmi.com | O24: Barbara.Borczyk@pmi.com | P24: Catarina.Oliveira@pmi.com
A25: Function | B25: Finance (FINC) | C25: =IF(ISNUMBER(FIND("(",B25)),MID(B25,FIND("(",B25)+1,FIND(")",B25)-FIND("(",B25)-1),"") -> FINC | D25: FINC | E25: Bruna.Carvalho@pmi.com | F25: =IF(G25="","",TRIM(IF(ISNUMBER(FIND(";",G25)),LEFT(G25,FIND(";",G25)-1),G25))) -> Bruna.Carvalho@pmi.com Teresa.Fernandes@pmi.com Przemyslaw.Dankiewicz@contracted.pmi.com | G25: Bruna.Carvalho@pmi.com Teresa.Fernandes@pmi.com Przemyslaw.Dankiewicz@contracted.pmi.com | J25: =IF(K25="","",TRIM(_xlfn.LET( _xlpm.text,K25, _xlpm.startPos,IF(ISNUMBER(SEARCH("DEL =",_xlpm.text)),SEARCH("DEL =",_xlpm.text)+6,IF(ISNUMBER(SEARCH("=",_xlpm.text)),SEARCH("=",_xlpm.text)+2,1)), _xlpm.endPos,IFERROR(SEARCH(";",_xlpm.text,_xlpm.startPos),LEN(_xlpm.text)+1), MID(_xlpm.text,_xlpm.startPos,_xlpm.endPos-_xlpm.startPos) ))) -> Fernandes, Teresa | K25: DE / DEL = Fernandes, Teresa; DN = Mackenthun, Scott; DA = Detroyat, Jacques; DS = Semenov, Andrey | L25: Seifert, Bjoern | M25: Semenov, Andrey; Scott.Mackenthun@pmi.com | N25: Maria.Tjahjadi@pmi.com; | O25: Fernandes, Teresa | P25: Bjoern.Seifert@pmi.com
A26: Market | B26: France (FR) | C26: =IF(ISNUMBER(FIND("(",B26)),MID(B26,FIND("(",B26)+1,FIND(")",B26)-FIND("(",B26)-1),"") -> FR | D26: FR | E26: Marwa.Kouriat@pmi.com | F26: =IF(G26="","",TRIM(IF(ISNUMBER(FIND(";",G26)),LEFT(G26,FIND(";",G26)-1),G26))) -> Marwa.Kouriat@pmi.com | G26: Marwa.Kouriat@pmi.com; Xavier.Lachat@pmi.com; Nikolay.Salionov@pmi.com; Sifal.Bekouche@pmi.com; | H26: Xavier.Lachat@pmi.com | J26: =IF(K26="","",TRIM(_xlfn.LET( _xlpm.text,K26, _xlpm.startPos,IF(ISNUMBER(SEARCH("DEL =",_xlpm.text)),SEARCH("DEL =",_xlpm.text)+6,IF(ISNUMBER(SEARCH("=",_xlpm.text)),SEARCH("=",_xlpm.text)+2,1)), _xlpm.endPos,IFERROR(SEARCH(";",_xlpm.text,_xlpm.startPos),LEN(_xlpm.text)+1), MID(_xlpm.text,_xlpm.startPos,_xlpm.endPos-_xlpm.startPos) ))) -> Xavier.Lachat@pmi.com | K26: DEL = Xavier.Lachat@pmi.com; DE = Xavier.Lachat@pmi.com; DN= Xavier.Lachat@pmi.com;; DA = Xavier.Lachat@pmi.com; DS = Xavier.Lachat@pmi.com;; C1 = Xavier.Lachat@pmi.com
A27: Capability | B27: Functional Capability Development (FCD) | C27: =IF(ISNUMBER(FIND("(",B27)),MID(B27,FIND("(",B27)+1,FIND(")",B27)-FIND("(",B27)-1),"") -> FCD | D27: FCD | E27: Kamil.Trzepizur@pmi.com | F27: =IF(G27="","",TRIM(IF(ISNUMBER(FIND(";",G27)),LEFT(G27,FIND(";",G27)-1),G27))) -> Kamil.Trzepizur@pmi.com | G27: Kamil.Trzepizur@pmi.com; Bjoern.Seifert@pmi.com; Othmane.Guessous@pmi.com; Tegar.Raharditya@sampoerna.com; Rafal.Sawicki@contracted.pmi.com | J27: =IF(K27="","",TRIM(_xlfn.LET( _xlpm.text,K27, _xlpm.startPos,IF(ISNUMBER(SEARCH("DEL =",_xlpm.text)),SEARCH("DEL =",_xlpm.text)+6,IF(ISNUMBER(SEARCH("=",_xlpm.text)),SEARCH("=",_xlpm.text)+2,1)), _xlpm.endPos,IFERROR(SEARCH(";",_xlpm.text,_xlpm.startPos),LEN(_xlpm.text)+1), MID(_xlpm.text,_xlpm.startPos,_xlpm.endPos-_xlpm.startPos) ))) -> Kamil.Trzepizur@pmi.com | K27: Kamil.Trzepizur@pmi.com | L27: Seifert, Bjoern | M27: Tegar.Raharditya@sampoerna.com | N27: Tegar.Raharditya@sampoerna.com | O27: przemyslaw.dankiewicz@contracted.pmi.com | P27: Bjoern.Seifert@pmi.com
A28: Capability | B28: Functional Capability Testing (FCT) | C28: =IF(ISNUMBER(FIND("(",B28)),MID(B28,FIND("(",B28)+1,FIND(")",B28)-FIND("(",B28)-1),"") -> FCT | D28: FCT | E28: Kamil.Trzepizur@pmi.com | F28: =IF(G28="","",TRIM(IF(ISNUMBER(FIND(";",G28)),LEFT(G28,FIND(";",G28)-1),G28))) -> Kamil.Trzepizur@pmi.com | G28: Kamil.Trzepizur@pmi.com; Bjoern.Seifert@pmi.com; Othmane.Guessous@pmi.com; Tegar.Raharditya@sampoerna.com; Rafal.Sawicki@contracted.pmi.com | J28: =IF(K28="","",TRIM(_xlfn.LET( _xlpm.text,K28, _xlpm.startPos,IF(ISNUMBER(SEARCH("DEL =",_xlpm.text)),SEARCH("DEL =",_xlpm.text)+6,IF(ISNUMBER(SEARCH("=",_xlpm.text)),SEARCH("=",_xlpm.text)+2,1)), _xlpm.endPos,IFERROR(SEARCH(";",_xlpm.text,_xlpm.startPos),LEN(_xlpm.text)+1), MID(_xlpm.text,_xlpm.startPos,_xlpm.endPos-_xlpm.startPos) ))) -> Kamil.Trzepizur@pmi.com | K28: Kamil.Trzepizur@pmi.com | L28: Seifert, Bjoern | M28: Tegar.Raharditya@sampoerna.com | N28: Tegar.Raharditya@sampoerna.com | O28: przemyslaw.dankiewicz@contracted.pmi.com | P28: Bjoern.Seifert@pmi.com
A29: Market | B29: Georgia (GE) | C29: =IF(ISNUMBER(FIND("(",B29)),MID(B29,FIND("(",B29)+1,FIND(")",B29)-FIND("(",B29)-1),"") -> GE | D29: GE | E29: Hamlet.Unusyan@pmi.com | F29: =IF(G29="","",TRIM(IF(ISNUMBER(FIND(";",G29)),LEFT(G29,FIND(";",G29)-1),G29))) -> Hamlet.Unusyan@pmi.com | G29: Hamlet.Unusyan@pmi.com; Tali.Maron-Dotan@pmi.com; Alexandr.Kozlov@pmi.com | H29: Konstantin.Mityushkin@pmi.com | I29: Konstantin.Mityushkin@pmi.com | J29: =IF(K29="","",TRIM(_xlfn.LET( _xlpm.text,K29, _xlpm.startPos,IF(ISNUMBER(SEARCH("DEL =",_xlpm.text)),SEARCH("DEL =",_xlpm.text)+6,IF(ISNUMBER(SEARCH("=",_xlpm.text)),SEARCH("=",_xlpm.text)+2,1)), _xlpm.endPos,IFERROR(SEARCH(";",_xlpm.text,_xlpm.startPos),LEN(_xlpm.text)+1), MID(_xlpm.text,_xlpm.startPos,_xlpm.endPos-_xlpm.startPos) ))) -> Hamlet.Unusyan@pmi.com | K29: DEL = Hamlet.Unusyan@pmi.com; DE = Hamlet.Unusyan@pmi.com; DN= Hamlet.Unusyan@pmi.com; DA = Hamlet.Unusyan@pmi.com; DS = Hamlet.Unusyan@pmi.com; C1 = Hamlet.Unusyan@pmi.com | L29: Alexandr.Kozlov@pmi.com | M29: Hamlet.Unusyan@pmi.com | N29: Hamlet.Unusyan@pmi.com | O29: Hamlet.Unusyan@pmi.com | P29: Tali.Maron-Dotan@pmi.com
A30: Market | B30: Germany (DE) | C30: =IF(ISNUMBER(FIND("(",B30)),MID(B30,FIND("(",B30)+1,FIND(")",B30)-FIND("(",B30)-1),"") -> DE | D30: DE | E30: michael.koeniger@pmi.com | F30: =IF(G30="","",TRIM(IF(ISNUMBER(FIND(";",G30)),LEFT(G30,FIND(";",G30)-1),G30))) -> michael.koeniger@pmi.com | G30: michael.koeniger@pmi.com; carsten.rust@pmi.com; branislav.cvetkovic@pmi.com; | H30: Daniel.Landes@pmi.com | I30: Owner & Approver: Mitsis, Manos (Manos.Mitsis@pmi.com) | J30: =IF(K30="","",TRIM(_xlfn.LET( _xlpm.text,K30, _xlpm.startPos,IF(ISNUMBER(SEARCH("DEL =",_xlpm.text)),SEARCH("DEL =",_xlpm.text)+6,IF(ISNUMBER(SEARCH("=",_xlpm.text)),SEARCH("=",_xlpm.text)+2,1)), _xlpm.endPos,IFERROR(SEARCH(";",_xlpm.text,_xlpm.startPos),LEN(_xlpm.text)+1), MID(_xlpm.text,_xlpm.startPos,_xlpm.endPos-_xlpm.startPos) ))) -> Michael.Koeniger@pmi.com | K30: DEL = Michael.Koeniger@pmi.com; DE = Michael.Koeniger@pmi.com; DN= Michael.Koeniger@pmi.com; DA = Michael.Koeniger@pmi.com; DS = Michael.Koeniger@pmi.com; C1 = Michael.Koeniger@pmi.com | L30: felix.drabe@pmi.com | M30: michael.koeniger@pmi.com | N30: michael.koeniger@pmi.com | O30: michael.koeniger@pmi.com | P30: Jitka.Hajkova@pmi.com
A31: Function | B31: GLPD | C31: =IF(ISNUMBER(FIND("(",B31)),MID(B31,FIND("(",B31)+1,FIND(")",B31)-FIND("(",B31)-1),"") | E31: ewa.kloc-kulesza@pmi.com | F31: =IF(G31="","",TRIM(IF(ISNUMBER(FIND(";",G31)),LEFT(G31,FIND(";",G31)-1),G31))) -> ewa.kloc-kulesza@pmi.com | G31: ewa.kloc-kulesza@pmi.com; Mariana.Simoes@pmi.com; | J31: =IF(K31="","",TRIM(_xlfn.LET( _xlpm.text,K31, _xlpm.startPos,IF(ISNUMBER(SEARCH("DEL =",_xlpm.text)),SEARCH("DEL =",_xlpm.text)+6,IF(ISNUMBER(SEARCH("=",_xlpm.text)),SEARCH("=",_xlpm.text)+2,1)), _xlpm.endPos,IFERROR(SEARCH(";",_xlpm.text,_xlpm.startPos),LEN(_xlpm.text)+1), MID(_xlpm.text,_xlpm.startPos,_xlpm.endPos-_xlpm.startPos) ))) -> Kloc-Kulesza, Ewa | K31: DE / DEL = Kloc-Kulesza, Ewa; DN = Mackenthun, Scott; DA = Detroyat, Jacques; DS = Semenov, Andrey | L31: Seifert, Bjoern | M31: Semenov, Andrey; Scott.Mackenthun@pmi.com | N31: ewa.kloc-kulesza@pmi.com; | O31: ewa.kloc-kulesza@pmi.com; | P31: bjoern.seifert@pmi.com
A32: Market | B32: Greece (GR) | C32: =IF(ISNUMBER(FIND("(",B32)),MID(B32,FIND("(",B32)+1,FIND(")",B32)-FIND("(",B32)-1),"") -> GR | D32: GR | E32: Vasileios.Botopoulos@pmi.com | F32: =IF(G32="","",TRIM(IF(ISNUMBER(FIND(";",G32)),LEFT(G32,FIND(";",G32)-1),G32))) -> Vasileios.Botopoulos@pmi.com | G32: Vasileios.Botopoulos@pmi.com; stathis.fasolis@pmi.com; Manos.Mitsis@pmi.com | H32: Konstantinos.Ioannidis@pmi.com | I32: Emmanouil.Mitsis@pmi.com | J32: =IF(K32="","",TRIM(_xlfn.LET( _xlpm.text,K32, _xlpm.startPos,IF(ISNUMBER(SEARCH("DEL =",_xlpm.text)),SEARCH("DEL =",_xlpm.text)+6,IF(ISNUMBER(SEARCH("=",_xlpm.text)),SEARCH("=",_xlpm.text)+2,1)), _xlpm.endPos,IFERROR(SEARCH(";",_xlpm.text,_xlpm.startPos),LEN(_xlpm.text)+1), MID(_xlpm.text,_xlpm.startPos,_xlpm.endPos-_xlpm.startPos) ))) -> Manos.Mitsis@pmi.com | K32: DEL = Manos.Mitsis@pmi.com; DE = Manos.Mitsis@pmi.com; DN= Manos.Mitsis@pmi.com; DA = Manos.Mitsis@pmi.com; DS = Manos.Mitsis@pmi.com; C1 = Manos.Mitsis@pmi.com | L32: Antonios.Lympousis@pmi.com | M32: Vasileios.Botopoulos@pmi.com | N32: Stathis.Fasolis@pmi.com | O32: Ioannis.Theodosiou@pmi.com | P32: Stathis.Fasolis@pmi.com
A33: Function | B33: IDD (IQAR) | C33: =IF(ISNUMBER(FIND("(",B33)),MID(B33,FIND("(",B33)+1,FIND(")",B33)-FIND("(",B33)-1),"") -> IQAR | D33: IQAR | E33: leonardo.verrastro@pmi.com | F33: =IF(G33="","",TRIM(IF(ISNUMBER(FIND(";",G33)),LEFT(G33,FIND(";",G33)-1),G33))) -> leonardo.verrastro@pmi.com | G33: leonardo.verrastro@pmi.com; Helder.DaSilva@pmi.com; | J33: =IF(K33="","",TRIM(_xlfn.LET( _xlpm.text,K33, _xlpm.startPos,IF(ISNUMBER(SEARCH("DEL =",_xlpm.text)),SEARCH("DEL =",_xlpm.text)+6,IF(ISNUMBER(SEARCH("=",_xlpm.text)),SEARCH("=",_xlpm.text)+2,1)), _xlpm.endPos,IFERROR(SEARCH(";",_xlpm.text,_xlpm.startPos),LEN(_xlpm.text)+1), MID(_xlpm.text,_xlpm.startPos,_xlpm.endPos-_xlpm.startPos) ))) | N33: kirill.ivanov@pmi.com | O33: juan.silva@pmi.com | P33: jean-marc.hirschy@pmi.com
A34: Market | B34: India (IN) | C34: =IF(ISNUMBER(FIND("(",B34)),MID(B34,FIND("(",B34)+1,FIND(")",B34)-FIND("(",B34)-1),"") -> IN | D34: IN | E34: CharlesCedric.Tanedo@pmi.com | F34: =IF(G34="","",TRIM(IF(ISNUMBER(FIND(";",G34)),LEFT(G34,FIND(";",G34)-1),G34))) -> CharlesCedric.Tanedo@pmi.com | G34: CharlesCedric.Tanedo@pmi.com; | H34: Anamika.Tiwari@pmi.com | J34: =IF(K34="","",TRIM(_xlfn.LET( _xlpm.text,K34, _xlpm.startPos,IF(ISNUMBER(SEARCH("DEL =",_xlpm.text)),SEARCH("DEL =",_xlpm.text)+6,IF(ISNUMBER(SEARCH("=",_xlpm.text)),SEARCH("=",_xlpm.text)+2,1)), _xlpm.endPos,IFERROR(SEARCH(";",_xlpm.text,_xlpm.startPos),LEN(_xlpm.text)+1), MID(_xlpm.text,_xlpm.startPos,_xlpm.endPos-_xlpm.startPos) ))) | M34: CharlesCedric.Tanedo@pmi.com | N34: kanika.mittal@pmi.com | O34: kanika.mittal@pmi.com | P34: kanika.mittal@pmi.com
A35: Market | B35: Indonesia (ID) | C35: =IF(ISNUMBER(FIND("(",B35)),MID(B35,FIND("(",B35)+1,FIND(")",B35)-FIND("(",B35)-1),"") -> ID | D35: ID | E35: Ivana.Octavia@sampoerna.com | F35: =IF(G35="","",TRIM(IF(ISNUMBER(FIND(";",G35)),LEFT(G35,FIND(";",G35)-1),G35))) -> Ivana.Octavia@sampoerna.com ingrid.wijaya@sampoerna.com | G35: Ivana.Octavia@sampoerna.com ingrid.wijaya@sampoerna.com; Siauw.Engelica@sampoerna.com | H35: Siauw.Engelica@sampoerna.com | I35: Jessica.Jodis@sampoerna.com | J35: =IF(K35="","",TRIM(_xlfn.LET( _xlpm.text,K35, _xlpm.startPos,IF(ISNUMBER(SEARCH("DEL =",_xlpm.text)),SEARCH("DEL =",_xlpm.text)+6,IF(ISNUMBER(SEARCH("=",_xlpm.text)),SEARCH("=",_xlpm.text)+2,1)), _xlpm.endPos,IFERROR(SEARCH(";",_xlpm.text,_xlpm.startPos),LEN(_xlpm.text)+1), MID(_xlpm.text,_xlpm.startPos,_xlpm.endPos-_xlpm.startPos) ))) -> Ingrid.Wijaya@sampoerna.com | K35: DEL = Ingrid.Wijaya@sampoerna.com; DE = Ivana.Octavia@sampoerna.com; DN= Julius.LeoWijaya@sampoerna.com; DA = Ingrid.Wijaya@sampoerna.com; DS = Julius.LeoWijaya@sampoerna.com; C1 = Jessica.Jodis@sampoerna.com | L35: Siauw.Engelica@sampoerna.com | M35: ingrid.wijaya@sampoerna.com | N35: ingrid.wijaya@sampoerna.com | O35: ingrid.wijaya@sampoerna.com | P35: Ephraim.Gunawan@sampoerna.com
A36: Market | B36: Israel (IL) | C36: =IF(ISNUMBER(FIND("(",B36)),MID(B36,FIND("(",B36)+1,FIND(")",B36)-FIND("(",B36)-1),"") -> IL | D36: IL | E36: Hamlet.Unusyan@pmi.com | F36: =IF(G36="","",TRIM(IF(ISNUMBER(FIND(";",G36)),LEFT(G36,FIND(";",G36)-1),G36))) -> Hamlet.Unusyan@pmi.com | G36: Hamlet.Unusyan@pmi.com; Tali.Maron-Dotan@pmi.com; limor.greenwald@pmi.com | H36: limor.greenwald@pmi.com | I36: Konstantin.Mityushkin@pmi.com | J36: =IF(K36="","",TRIM(_xlfn.LET( _xlpm.text,K36, _xlpm.startPos,IF(ISNUMBER(SEARCH("DEL =",_xlpm.text)),SEARCH("DEL =",_xlpm.text)+6,IF(ISNUMBER(SEARCH("=",_xlpm.text)),SEARCH("=",_xlpm.text)+2,1)), _xlpm.endPos,IFERROR(SEARCH(";",_xlpm.text,_xlpm.startPos),LEN(_xlpm.text)+1), MID(_xlpm.text,_xlpm.startPos,_xlpm.endPos-_xlpm.startPos) ))) -> Hamlet.Unusyan@pmi.com | K36: DEL = Hamlet.Unusyan@pmi.com; DE = Hamlet.Unusyan@pmi.com; DN= Hamlet.Unusyan@pmi.com; DA = Hamlet.Unusyan@pmi.com; DS = Hamlet.Unusyan@pmi.com; C1 = Hamlet.Unusyan@pmi.com | M36: Hamlet.Unusyan@pmi.com | N36: Hamlet.Unusyan@pmi.com | O36: Hamlet.Unusyan@pmi.com | P36: Tali.Maron-Dotan@pmi.com
A37: Market | B37: Italy (IT) | C37: =IF(ISNUMBER(FIND("(",B37)),MID(B37,FIND("(",B37)+1,FIND(")",B37)-FIND("(",B37)-1),"") -> IT | D37: IT | E37: Andrea.Guarnieri@pmi.com | F37: =IF(G37="","",TRIM(IF(ISNUMBER(FIND(";",G37)),LEFT(G37,FIND(";",G37)-1),G37))) -> Andrea.Guarnieri@pmi.com Nicola.Fogolin@pmi.com | G37: Andrea.Guarnieri@pmi.com Nicola.Fogolin@pmi.com | H37: Nicola.Fogolin@pmi.com | I37: Andrea.Guarnieri@pmi.com | J37: =IF(K37="","",TRIM(_xlfn.LET( _xlpm.text,K37, _xlpm.startPos,IF(ISNUMBER(SEARCH("DEL =",_xlpm.text)),SEARCH("DEL =",_xlpm.text)+6,IF(ISNUMBER(SEARCH("=",_xlpm.text)),SEARCH("=",_xlpm.text)+2,1)), _xlpm.endPos,IFERROR(SEARCH(";",_xlpm.text,_xlpm.startPos),LEN(_xlpm.text)+1), MID(_xlpm.text,_xlpm.startPos,_xlpm.endPos-_xlpm.startPos) ))) -> Andrea.Guarnieri@pmi.com | K37: DEL = Andrea.Guarnieri@pmi.com; DE = Andrea.Guarnieri@pmi.com; DN= FoscoMaria.Borghese@pmi.com; DA = Andrea.Guarnieri@pmi.com; DS = Alessio.Palladino@pmi.com; C1 = Andrea.Guarnieri@pmi.com | L37: Andrea.Guarnieri@pmi.com | M37: mariaelena.carbonari@pmi.com; | N37: mariaelena.carbonari@pmi.com; | O37: mariaelena.carbonari@pmi.com; | P37: Milko.Vaccaro@pmi.com
A38: Function | B38: InfoSec (INSC) | C38: =IF(ISNUMBER(FIND("(",B38)),MID(B38,FIND("(",B38)+1,FIND(")",B38)-FIND("(",B38)-1),"") -> INSC | D38: INSC | E38: Bruna.Carvalho@pmi.com | F38: =IF(G38="","",TRIM(IF(ISNUMBER(FIND(";",G38)),LEFT(G38,FIND(";",G38)-1),G38))) -> Bruna.Carvalho@pmi.com | G38: Bruna.Carvalho@pmi.com; Teresa.Fernandes@pmi.com; Robert.Coates@pmi.com; Przemyslaw.Dankiewicz@contracted.pmi.com | J38: =IF(K38="","",TRIM(_xlfn.LET( _xlpm.text,K38, _xlpm.startPos,IF(ISNUMBER(SEARCH("DEL =",_xlpm.text)),SEARCH("DEL =",_xlpm.text)+6,IF(ISNUMBER(SEARCH("=",_xlpm.text)),SEARCH("=",_xlpm.text)+2,1)), _xlpm.endPos,IFERROR(SEARCH(";",_xlpm.text,_xlpm.startPos),LEN(_xlpm.text)+1), MID(_xlpm.text,_xlpm.startPos,_xlpm.endPos-_xlpm.startPos) ))) -> Fernandes, Teresa | K38: DE / DEL = Fernandes, Teresa; DN = Mackenthun, Scott; DA = Detroyat, Jacques; DS = Semenov, Andrey | L38: Seifert, Bjoern | M38: Semenov, Andrey; Scott.Mackenthun@pmi.com | N38: Maria.Tjahjadi@pmi.com | O38: Przemyslaw.Giemza@contracted.pmi.com | P38: bjoern.seifert@pmi.com
A39: Function | B39: IT Management (ITMG) | C39: =IF(ISNUMBER(FIND("(",B39)),MID(B39,FIND("(",B39)+1,FIND(")",B39)-FIND("(",B39)-1),"") -> ITMG | D39: ITMG | E39: Bruna.Carvalho@pmi.com | F39: =IF(G39="","",TRIM(IF(ISNUMBER(FIND(";",G39)),LEFT(G39,FIND(";",G39)-1),G39))) -> Bruna.Carvalho@pmi.com Teresa.Fernandes@pmi.com Przemyslaw.Dankiewicz@contracted.pmi.com | G39: Bruna.Carvalho@pmi.com Teresa.Fernandes@pmi.com Przemyslaw.Dankiewicz@contracted.pmi.com | J39: =IF(K39="","",TRIM(_xlfn.LET( _xlpm.text,K39, _xlpm.startPos,IF(ISNUMBER(SEARCH("DEL =",_xlpm.text)),SEARCH("DEL =",_xlpm.text)+6,IF(ISNUMBER(SEARCH("=",_xlpm.text)),SEARCH("=",_xlpm.text)+2,1)), _xlpm.endPos,IFERROR(SEARCH(";",_xlpm.text,_xlpm.startPos),LEN(_xlpm.text)+1), MID(_xlpm.text,_xlpm.startPos,_xlpm.endPos-_xlpm.startPos) ))) -> Fernandes, Teresa | K39: DE / DEL = Fernandes, Teresa; DN = Mackenthun, Scott; DA = Detroyat, Jacques; DS = Semenov, Andrey | L39: Seifert, Bjoern | M39: Semenov, Andrey; Scott.Mackenthun@pmi.com | N39: Tjahjadi, Maria temporarily | O39: Tjahjadi, Maria temporarily | P39: bjoern.seifert@pmi.com
A40: Market | B40: Japan | C40: =IF(ISNUMBER(FIND("(",B40)),MID(B40,FIND("(",B40)+1,FIND(")",B40)-FIND("(",B40)-1),"") | E40: Samatha.Arishetty@pmi.com | F40: =IF(G40="","",TRIM(IF(ISNUMBER(FIND(";",G40)),LEFT(G40,FIND(";",G40)-1),G40))) -> Samatha.Arishetty@pmi.com | G40: Samatha.Arishetty@pmi.com; Sobitha.Buthgamuwa@pmi.com; Debraj.Patra@pmi.com; Danny.Chang@pmi.com | H40: Yetkin.Erdemol@pmi.com | I40: Nishant.Tembulkar@pmi.com | J40: =IF(K40="","",TRIM(_xlfn.LET( _xlpm.text,K40, _xlpm.startPos,IF(ISNUMBER(SEARCH("DEL =",_xlpm.text)),SEARCH("DEL =",_xlpm.text)+6,IF(ISNUMBER(SEARCH("=",_xlpm.text)),SEARCH("=",_xlpm.text)+2,1)), _xlpm.endPos,IFERROR(SEARCH(";",_xlpm.text,_xlpm.startPos),LEN(_xlpm.text)+1), MID(_xlpm.text,_xlpm.startPos,_xlpm.endPos-_xlpm.startPos) ))) -> Danny.Chang@pmi.com | K40: DEL = Danny.Chang@pmi.com; DE =Danny.Chang@pmi.com; DN= Danny.Chang@pmi.com; DA = Danny.Chang@pmi.com; DS = Danny.Chang@pmi.com; C1 =Nishant.Tembulkar@pmi.com | L40: Danny.Chang@pmi.com | M40: Debraj.Patra@pmi.com | N40: Samatha.Arishetty@pmi.com | O40: Samatha.Arishetty@pmi.com | P40: sobitha.buthgamuwa@pmi.com
A41: Market | B41: Kazakhstan (KZ) | C41: =IF(ISNUMBER(FIND("(",B41)),MID(B41,FIND("(",B41)+1,FIND(")",B41)-FIND("(",B41)-1),"") -> KZ | D41: KZ | E41: Asem.Zhiketova@pmi.com | F41: =IF(G41="","",TRIM(IF(ISNUMBER(FIND(";",G41)),LEFT(G41,FIND(";",G41)-1),G41))) -> Asem.Zhiketova@pmi.com | G41: Asem.Zhiketova@pmi.com; Zhanna.Imanbekova@pmi.com; | I41: Konstantin.Mityushkin@pmi.com | J41: =IF(K41="","",TRIM(_xlfn.LET( _xlpm.text,K41, _xlpm.startPos,IF(ISNUMBER(SEARCH("DEL =",_xlpm.text)),SEARCH("DEL =",_xlpm.text)+6,IF(ISNUMBER(SEARCH("=",_xlpm.text)),SEARCH("=",_xlpm.text)+2,1)), _xlpm.endPos,IFERROR(SEARCH(";",_xlpm.text,_xlpm.startPos),LEN(_xlpm.text)+1), MID(_xlpm.text,_xlpm.startPos,_xlpm.endPos-_xlpm.startPos) ))) | M41: Svetlana.Makhmutova@pmi.com | N41: Asem.Zhiketova@pmi.com | O41: Zhanna.Imanbekova@pmi.com | P41: asem.zhiketova@pmi.com
A42: Market | B42: Korea (KR) | C42: =IF(ISNUMBER(FIND("(",B42)),MID(B42,FIND("(",B42)+1,FIND(")",B42)-FIND("(",B42)-1),"") -> KR | D42: KR | E42: Michael.Kim@pmi.com | F42: =IF(G42="","",TRIM(IF(ISNUMBER(FIND(";",G42)),LEFT(G42,FIND(";",G42)-1),G42))) -> Michael.Kim@pmi.com | G42: Michael.Kim@pmi.com; hyucksoon.lee@pmi.com; minjung.kim@pmi.com; Sobitha.Buthgamuwa@pmi.com; | H42: Yetkin.Erdemol@pmi.com | I42: Junho.Seo1@pmi.com | J42: =IF(K42="","",TRIM(_xlfn.LET( _xlpm.text,K42, _xlpm.startPos,IF(ISNUMBER(SEARCH("DEL =",_xlpm.text)),SEARCH("DEL =",_xlpm.text)+6,IF(ISNUMBER(SEARCH("=",_xlpm.text)),SEARCH("=",_xlpm.text)+2,1)), _xlpm.endPos,IFERROR(SEARCH(";",_xlpm.text,_xlpm.startPos),LEN(_xlpm.text)+1), MID(_xlpm.text,_xlpm.startPos,_xlpm.endPos-_xlpm.startPos) ))) | M42: minjung.kim@pmi.com; | N42: Michael.Kim@pmi.com; | O42: Michael.Kim@pmi.com; | P42: hyucksoon.lee@pmi.com
A43: Market | B43: Latvia (LV) / Lithuania (LT) / Estonia (ET) | C43: =IF(ISNUMBER(FIND("(",B43)),MID(B43,FIND("(",B43)+1,FIND(")",B43)-FIND("(",B43)-1),"") -> LV | D43: LV | E43: Jelena.Mirzojeva@pmi.com | F43: =IF(G43="","",TRIM(IF(ISNUMBER(FIND(";",G43)),LEFT(G43,FIND(";",G43)-1),G43))) -> Jelena.Mirzojeva@pmi.com | G43: Jelena.Mirzojeva@pmi.com; Aliaksei.Karneyavets@pmi.com; | H43: JoseMaria.Torres@pmi.com | I43: Paula.Pratuseviciute@pmi.com | J43: =IF(K43="","",TRIM(_xlfn.LET( _xlpm.text,K43, _xlpm.startPos,IF(ISNUMBER(SEARCH("DEL =",_xlpm.text)),SEARCH("DEL =",_xlpm.text)+6,IF(ISNUMBER(SEARCH("=",_xlpm.text)),SEARCH("=",_xlpm.text)+2,1)), _xlpm.endPos,IFERROR(SEARCH(";",_xlpm.text,_xlpm.startPos),LEN(_xlpm.text)+1), MID(_xlpm.text,_xlpm.startPos,_xlpm.endPos-_xlpm.startPos) ))) | M43: Aliaksei.Karneyavets@pmi.com | N43: Aliaksei.Karneyavets@pmi.com | O43: Jelena.Mirzojeva@pmi.com | P43: Joanna.Adamczak@pmi.com
A44: Function | B44: Life Science (LFSC) | C44: =IF(ISNUMBER(FIND("(",B44)),MID(B44,FIND("(",B44)+1,FIND(")",B44)-FIND("(",B44)-1),"") -> LFSC | D44: LFSC | E44: Bjoern.Seifert@pmi.com | F44: =IF(G44="","",TRIM(IF(ISNUMBER(FIND(";",G44)),LEFT(G44,FIND(";",G44)-1),G44))) -> Bjoern.Seifert@pmi.com | G44: Bjoern.Seifert@pmi.com; Carlos.Castillo1@pmi.com; Robert.Coates@pmi.com; | J44: =IF(K44="","",TRIM(_xlfn.LET( _xlpm.text,K44, _xlpm.startPos,IF(ISNUMBER(SEARCH("DEL =",_xlpm.text)),SEARCH("DEL =",_xlpm.text)+6,IF(ISNUMBER(SEARCH("=",_xlpm.text)),SEARCH("=",_xlpm.text)+2,1)), _xlpm.endPos,IFERROR(SEARCH(";",_xlpm.text,_xlpm.startPos),LEN(_xlpm.text)+1), MID(_xlpm.text,_xlpm.startPos,_xlpm.endPos-_xlpm.startPos) ))) -> Castillo, Carlos E. | K44: DE / DEL = Castillo, Carlos E.; DN = Mackenthun, Scott; DA = Detroyat, Jacques; DS = Semenov, Andrey | L44: Seifert, Bjoern | M44: Semenov, Andrey; Scott.Mackenthun@pmi.com | N44: Castillo, Carlos E. | O44: Castillo, Carlos E. | P44: Seifert, Bjoern
A45: Cluster | B45: Malaysia (MY) / Singapure | C45: =IF(ISNUMBER(FIND("(",B45)),MID(B45,FIND("(",B45)+1,FIND(")",B45)-FIND("(",B45)-1),"") -> MY | D45: MY | E45: Sobitha.Buthgamuwa@pmi.com | F45: =IF(G45="","",TRIM(IF(ISNUMBER(FIND(";",G45)),LEFT(G45,FIND(";",G45)-1),G45))) -> Sobitha.Buthgamuwa@pmi.com | G45: Sobitha.Buthgamuwa@pmi.com; WaiKong.Leong@pmi.com; manikam.nedumaran@contracted.pmi.com; CuiYin.Fong@pmi.com | H45: CuiYin.Fong@pmi.com | J45: =IF(K45="","",TRIM(_xlfn.LET( _xlpm.text,K45, _xlpm.startPos,IF(ISNUMBER(SEARCH("DEL =",_xlpm.text)),SEARCH("DEL =",_xlpm.text)+6,IF(ISNUMBER(SEARCH("=",_xlpm.text)),SEARCH("=",_xlpm.text)+2,1)), _xlpm.endPos,IFERROR(SEARCH(";",_xlpm.text,_xlpm.startPos),LEN(_xlpm.text)+1), MID(_xlpm.text,_xlpm.startPos,_xlpm.endPos-_xlpm.startPos) ))) -> CuiYin.Fong@pmi.com | K45: DEL = CuiYin.Fong@pmi.com; DE = CuiYin.Fong@pmi.com; DN= CuiYin.Fong@pmi.com; DA = CuiYin.Fong@pmi.com; DS = CuiYin.Fong@pmi.com; C1 = CuiYin.Fong@pmi.com | L45: CuiYin.Fong@pmi.com | M45: Sobitha.buthgamuwa@pmi.com | N45: WaiKong.Leong@pmi.com | O45: WaiKong.Leong@pmi.com | P45: sobitha.buthgamuwa@pmi.com
A46: Function | B46: Manufacturing (MNFG) | C46: =IF(ISNUMBER(FIND("(",B46)),MID(B46,FIND("(",B46)+1,FIND(")",B46)-FIND("(",B46)-1),"") -> MNFG | D46: MNFG | E46: ewa.kloc-kulesza@pmi.com | F46: =IF(G46="","",TRIM(IF(ISNUMBER(FIND(";",G46)),LEFT(G46,FIND(";",G46)-1),G46))) -> ewa.kloc-kulesza@pmi.com | G46: ewa.kloc-kulesza@pmi.com; Mariana.Simoes@pmi.com; | J46: =IF(K46="","",TRIM(_xlfn.LET( _xlpm.text,K46, _xlpm.startPos,IF(ISNUMBER(SEARCH("DEL =",_xlpm.text)),SEARCH("DEL =",_xlpm.text)+6,IF(ISNUMBER(SEARCH("=",_xlpm.text)),SEARCH("=",_xlpm.text)+2,1)), _xlpm.endPos,IFERROR(SEARCH(";",_xlpm.text,_xlpm.startPos),LEN(_xlpm.text)+1), MID(_xlpm.text,_xlpm.startPos,_xlpm.endPos-_xlpm.startPos) ))) -> Kloc-Kulesza, Ewa | K46: DE / DEL = Kloc-Kulesza, Ewa; DN = Mackenthun, Scott; DA = Detroyat, Jacques; DS = Semenov, Andrey | L46: Seifert, Bjoern | M46: Semenov, Andrey; Scott.Mackenthun@pmi.com | N46: Kloc-Kulesza, Ewa | O46: Kloc-Kulesza, Ewa | P46: Seifert, Bjoern
A47: Market | B47: Cluster Middle East (CME) | C47: =IF(ISNUMBER(FIND("(",B47)),MID(B47,FIND("(",B47)+1,FIND(")",B47)-FIND("(",B47)-1),"") -> CME | D47: CME | E47: Ayushi.Jain@contracted.pmi.com | F47: =IF(G47="","",TRIM(IF(ISNUMBER(FIND(";",G47)),LEFT(G47,FIND(";",G47)-1),G47))) -> Ayushi.Jain@contracted.pmi.com | G47: Ayushi.Jain@contracted.pmi.com; Levent.Asici@pmi.com; | H47: Patrick.Bernard@pmi.com | I47: Sally.Baltazar-Puno@pmi.com | J47: =IF(K47="","",TRIM(_xlfn.LET( _xlpm.text,K47, _xlpm.startPos,IF(ISNUMBER(SEARCH("DEL =",_xlpm.text)),SEARCH("DEL =",_xlpm.text)+6,IF(ISNUMBER(SEARCH("=",_xlpm.text)),SEARCH("=",_xlpm.text)+2,1)), _xlpm.endPos,IFERROR(SEARCH(";",_xlpm.text,_xlpm.startPos),LEN(_xlpm.text)+1), MID(_xlpm.text,_xlpm.startPos,_xlpm.endPos-_xlpm.startPos) ))) -> Levent.Asici@pmi.com | K47: DEL = Levent.Asici@pmi.com; DE = Levent.Asici@pmi.com; DN= Levent.Asici@pmi.com; DA = Levent.Asici@pmi.com; DS = Levent.Asici@pmi.com; C1 = Levent.Asici@pmi.com | L47: Levent.Asici@pmi.com | M47: Antoine.Boulos@pmi.com | N47: Levent.Asici@pmi.com | O47: Levent.Asici@pmi.com | P47: Dariia.Zharkova@pmi.com
A48: Market | B48: MEA / RME - Middle East | C48: =IF(ISNUMBER(FIND("(",B48)),MID(B48,FIND("(",B48)+1,FIND(")",B48)-FIND("(",B48)-1),"") | E48: DLPMIGlobalITRegion2DataSupport@pmi.com | F48: =IF(G48="","",TRIM(IF(ISNUMBER(FIND(";",G48)),LEFT(G48,FIND(";",G48)-1),G48))) -> DLPMIGlobalITRegion2DataSupport@pmi.com | G48: DLPMIGlobalITRegion2DataSupport@pmi.com; | J48: =IF(K48="","",TRIM(_xlfn.LET( _xlpm.text,K48, _xlpm.startPos,IF(ISNUMBER(SEARCH("DEL =",_xlpm.text)),SEARCH("DEL =",_xlpm.text)+6,IF(ISNUMBER(SEARCH("=",_xlpm.text)),SEARCH("=",_xlpm.text)+2,1)), _xlpm.endPos,IFERROR(SEARCH(";",_xlpm.text,_xlpm.startPos),LEN(_xlpm.text)+1), MID(_xlpm.text,_xlpm.startPos,_xlpm.endPos-_xlpm.startPos) ))) | M48: Ashley.Ramchander@pmi.com | N48: Mehmet.Aydinli@pmi.com | O48: Mohammed.Abdelfattah@pmi.com | P48: Dariia.Zharkova@pmi.com
A49: Market | B49: Mexico (MX) | C49: =IF(ISNUMBER(FIND("(",B49)),MID(B49,FIND("(",B49)+1,FIND(")",B49)-FIND("(",B49)-1),"") -> MX | D49: MX | E49: daniel.diaz@pmi.com | F49: =IF(G49="","",TRIM(IF(ISNUMBER(FIND(";",G49)),LEFT(G49,FIND(";",G49)-1),G49))) -> daniel.diaz@pmi.com | G49: daniel.diaz@pmi.com; | H49: Alejandro.Hernandez1@pmi.com | J49: =IF(K49="","",TRIM(_xlfn.LET( _xlpm.text,K49, _xlpm.startPos,IF(ISNUMBER(SEARCH("DEL =",_xlpm.text)),SEARCH("DEL =",_xlpm.text)+6,IF(ISNUMBER(SEARCH("=",_xlpm.text)),SEARCH("=",_xlpm.text)+2,1)), _xlpm.endPos,IFERROR(SEARCH(";",_xlpm.text,_xlpm.startPos),LEN(_xlpm.text)+1), MID(_xlpm.text,_xlpm.startPos,_xlpm.endPos-_xlpm.startPos) ))) -> Daniel.Diaz@pmi.com | K49: DEL = Daniel.Diaz@pmi.com; DE = Daniel.Diaz@pmi.com; DN= Alejandro.Hernandez1@pmi.com; DA = Daniel.Diaz@pmi.com; DS = Alejandro.Hernandez1@pmi.com; C1 =Daniel.Diaz@pmi.com | L49: Alejandro.Hernandez1@pmi.com | M49: Gabriel.Marin@pmi.com | N49: Gabriel.Marin@pmi.com | O49: Gabriel.Marin@pmi.com | P49: Yahir.Rojas@pmi.com
A50: Market | B50: Moldavia (MD) | C50: =IF(ISNUMBER(FIND("(",B50)),MID(B50,FIND("(",B50)+1,FIND(")",B50)-FIND("(",B50)-1),"") -> MD | D50: MD | E50: oleh.ivchenko@pmi.com | F50: =IF(G50="","",TRIM(IF(ISNUMBER(FIND(";",G50)),LEFT(G50,FIND(";",G50)-1),G50))) -> oleh.ivchenko@pmi.com | G50: oleh.ivchenko@pmi.com; nicolai.cerescu@pmi.com bohdan.prokopets@contracted.pmi.com; svitlana.tymoshchuk@contracted.pmi.com; | J50: =IF(K50="","",TRIM(_xlfn.LET( _xlpm.text,K50, _xlpm.startPos,IF(ISNUMBER(SEARCH("DEL =",_xlpm.text)),SEARCH("DEL =",_xlpm.text)+6,IF(ISNUMBER(SEARCH("=",_xlpm.text)),SEARCH("=",_xlpm.text)+2,1)), _xlpm.endPos,IFERROR(SEARCH(";",_xlpm.text,_xlpm.startPos),LEN(_xlpm.text)+1), MID(_xlpm.text,_xlpm.startPos,_xlpm.endPos-_xlpm.startPos) ))) -> oleh.ivchenko@pmi.com | K50: DEL = oleh.ivchenko@pmi.com; DE = oleh.ivchenko@pmi.com; DN= Ecaterina.Sandrovschi@pmi.com; DA = oleh.ivchenko@pmi.com; DS = oleh.ivchenko@pmi.com; C1 =Tatiana.Spataru@pmi.com | L50: nicolai.cerescu@pmi.com | M50: oleh.ivchenko@pmi.com | N50: oleh.ivchenko@pmi.com | O50: bohdan.prokopets@contracted.pmi.com | P50: Mykola.Samarin@pmi.com
A51: Market | B51: Morocco (MA) | C51: =IF(ISNUMBER(FIND("(",B51)),MID(B51,FIND("(",B51)+1,FIND(")",B51)-FIND("(",B51)-1),"") -> MA | D51: MA | E51: Mohammed.Abdelfattah@pmi.com | F51: =IF(G51="","",TRIM(IF(ISNUMBER(FIND(";",G51)),LEFT(G51,FIND(";",G51)-1),G51))) -> Mohammed.Abdelfattah@pmi.com | G51: Mohammed.Abdelfattah@pmi.com; | H51: Patrick.Bernard@pmi.com | J51: =IF(K51="","",TRIM(_xlfn.LET( _xlpm.text,K51, _xlpm.startPos,IF(ISNUMBER(SEARCH("DEL =",_xlpm.text)),SEARCH("DEL =",_xlpm.text)+6,IF(ISNUMBER(SEARCH("=",_xlpm.text)),SEARCH("=",_xlpm.text)+2,1)), _xlpm.endPos,IFERROR(SEARCH(";",_xlpm.text,_xlpm.startPos),LEN(_xlpm.text)+1), MID(_xlpm.text,_xlpm.startPos,_xlpm.endPos-_xlpm.startPos) ))) -> Mohammed.Abdelfattah@pmi.com | K51: DEL = Mohammed.Abdelfattah@pmi.com; DE = Mohammed.Abdelfattah@pmi.com; DN= Mohamed.Tawfik@pmi.com; DA = Mohammed.Abdelfattah@pmi.com; DS = Mohamed.Tawfik@pmi.com; C1 = Mohamed.Tawfik@pmi.com | L51: Hazim.Zouhair@pmi.com | M51: Hicham.Khalil@pmi.com | N51: Mohammed.Abdelfattah@pmi.com | O51: Mohammed.Abdelfattah@pmi.com | P51: aziz.maghzal@pmi.com
A52: Market | B52: Nordics (CNRD) | C52: =IF(ISNUMBER(FIND("(",B52)),MID(B52,FIND("(",B52)+1,FIND(")",B52)-FIND("(",B52)-1),"") -> CNRD | D52: CNRD | E52: natalia.polyakova@swma.se | F52: =IF(G52="","",TRIM(IF(ISNUMBER(FIND(";",G52)),LEFT(G52,FIND(";",G52)-1),G52))) -> natalia.polyakova@swma.se | G52: natalia.polyakova@swma.se; erika.larsson@contracted.pmi.com; Sunanda.Ramakrishnan@pmi.com | H52: Sunanda.Ramakrishnan@pmi.com | J52: =IF(K52="","",TRIM(_xlfn.LET( _xlpm.text,K52, _xlpm.startPos,IF(ISNUMBER(SEARCH("DEL =",_xlpm.text)),SEARCH("DEL =",_xlpm.text)+6,IF(ISNUMBER(SEARCH("=",_xlpm.text)),SEARCH("=",_xlpm.text)+2,1)), _xlpm.endPos,IFERROR(SEARCH(";",_xlpm.text,_xlpm.startPos),LEN(_xlpm.text)+1), MID(_xlpm.text,_xlpm.startPos,_xlpm.endPos-_xlpm.startPos) ))) -> Solmaz.Azimi@swma.se | K52: DEL = Solmaz.Azimi@swma.se; DE = Solmaz.Azimi@swma.se; DN= Alisea.MoyseenkoIsak sson@swma.se; DA = Felix.Lindhe@swma.se; DS = Natalia.Polyakova@swma.se; C1 = Sunanda.Ramakrishnan@pmi.com | L52: Sunanda.Ramakrishnan@pmi.com | M52: natalia.polyakova@swma.se | N52: jackie.hugo@swma.se | O52: jackie.hugo@swma.se | P52: jackie.hugo@swma.se
A53: Function | B53: People and Culture (PNCL) | C53: =IF(ISNUMBER(FIND("(",B53)),MID(B53,FIND("(",B53)+1,FIND(")",B53)-FIND("(",B53)-1),"") -> PNCL | D53: PNCL | E53: Monika.Mardaus@pmi.com | F53: =IF(G53="","",TRIM(IF(ISNUMBER(FIND(";",G53)),LEFT(G53,FIND(";",G53)-1),G53))) -> Monika.Mardaus@pmi.com | G53: Monika.Mardaus@pmi.com; Bruna.Carvalho@pmi.com Teresa.Fernandes@pmi.com Przemyslaw.Dankiewicz@contracted.pmi.com | J53: =IF(K53="","",TRIM(_xlfn.LET( _xlpm.text,K53, _xlpm.startPos,IF(ISNUMBER(SEARCH("DEL =",_xlpm.text)),SEARCH("DEL =",_xlpm.text)+6,IF(ISNUMBER(SEARCH("=",_xlpm.text)),SEARCH("=",_xlpm.text)+2,1)), _xlpm.endPos,IFERROR(SEARCH(";",_xlpm.text,_xlpm.startPos),LEN(_xlpm.text)+1), MID(_xlpm.text,_xlpm.startPos,_xlpm.endPos-_xlpm.startPos) ))) -> Fernandes, Teresa | K53: DE / DEL = Fernandes, Teresa; DN = Mackenthun, Scott; DA = Detroyat, Jacques; DS = Semenov, Andrey | L53: Seifert, Bjoern | M53: Semenov, Andrey; Scott.Mackenthun@pmi.com | N53: Tjahjadi, Maria temporarily | O53: Tjahjadi, Maria temporarily | P53: Seifert, Bjoern
A54: Market | B54: Pakistan (PK) | C54: =IF(ISNUMBER(FIND("(",B54)),MID(B54,FIND("(",B54)+1,FIND(")",B54)-FIND("(",B54)-1),"") -> PK | D54: PK | E54: ammar.ahmad@pmi.com | F54: =IF(G54="","",TRIM(IF(ISNUMBER(FIND(";",G54)),LEFT(G54,FIND(";",G54)-1),G54))) -> ammar.ahmad@pmi.com | G54: ammar.ahmad@pmi.com; Wilhelm.Su@pmi.com; Hamza.Suhail@pmi.com Zainab.Imran@pmi.com | I54: Konstantin.Mityushkin@pmi.com | J54: =IF(K54="","",TRIM(_xlfn.LET( _xlpm.text,K54, _xlpm.startPos,IF(ISNUMBER(SEARCH("DEL =",_xlpm.text)),SEARCH("DEL =",_xlpm.text)+6,IF(ISNUMBER(SEARCH("=",_xlpm.text)),SEARCH("=",_xlpm.text)+2,1)), _xlpm.endPos,IFERROR(SEARCH(";",_xlpm.text,_xlpm.startPos),LEN(_xlpm.text)+1), MID(_xlpm.text,_xlpm.startPos,_xlpm.endPos-_xlpm.startPos) ))) -> Zainab.Imran@pmi.com | K54: DEL = Zainab.Imran@pmi.com; DE = Zainab.Imran@pmi.com; DN= Hamza.Suhail@pmi.com; DA = Zainab.Imran@pmi.com; DS = Hamza.Suhail@pmi.com; C1 = Hamza.Suhail@pmi.com | L54: Muhammad.Kafeel@pmi.com | M54: @Su, Wilhelm | N54: ammar.ahmad@pmi.com | O54: ammar.ahmad@pmi.com | P54: Nida.Shamim@pmi.com
A55: Market | B55: Philippines (PH) | C55: =IF(ISNUMBER(FIND("(",B55)),MID(B55,FIND("(",B55)+1,FIND(")",B55)-FIND("(",B55)-1),"") -> PH | D55: PH | E55: wilhelm.su@pmi.com | F55: =IF(G55="","",TRIM(IF(ISNUMBER(FIND(";",G55)),LEFT(G55,FIND(";",G55)-1),G55))) -> wilhelm.su@pmi.com | G55: wilhelm.su@pmi.com; Oleksandr.Onyshchenko@pmi.com; | H55: AdityaAchadiat.Santoso@pmi.com | I55: Sally.Baltazar-Puno@pmi.com | J55: =IF(K55="","",TRIM(_xlfn.LET( _xlpm.text,K55, _xlpm.startPos,IF(ISNUMBER(SEARCH("DEL =",_xlpm.text)),SEARCH("DEL =",_xlpm.text)+6,IF(ISNUMBER(SEARCH("=",_xlpm.text)),SEARCH("=",_xlpm.text)+2,1)), _xlpm.endPos,IFERROR(SEARCH(";",_xlpm.text,_xlpm.startPos),LEN(_xlpm.text)+1), MID(_xlpm.text,_xlpm.startPos,_xlpm.endPos-_xlpm.startPos) ))) -> wilhelm.su@pmi.com | K55: DEL = wilhelm.su@pmi.com; DE = wilhelm.su@pmi.com; DN= Nollie.Matienzo@pmi.com; DA = wilhelm.su@pmi.com; DS = AdityaAchadiat.Santoso@pmi.com; C1 = Sally.Baltazar-Puno@pmi.com | L55: Rosa.Tobias@pmi.com | M55: Narrajos, Tommy Jairus | N55: Su, Wilhelm | O55: Su, Wilhelm | P55: Oleksandr.Onyshchenko@pmi.com
A56: Market | B56: Poland (PL) | C56: =IF(ISNUMBER(FIND("(",B56)),MID(B56,FIND("(",B56)+1,FIND(")",B56)-FIND("(",B56)-1),"") -> PL | D56: PL | E56: jelena.mirzojeva@pmi.com | F56: =IF(G56="","",TRIM(IF(ISNUMBER(FIND(";",G56)),LEFT(G56,FIND(";",G56)-1),G56))) -> jelena.mirzojeva@pmi.com | G56: jelena.mirzojeva@pmi.com; ludomir.mossakowski@pmi.com; Aliaksei.Karneyavets@pmi.com; | H56: JoseMaria.Torres@pmi.com | I56: Ludomir.Mossakowski@pmi.com | J56: =IF(K56="","",TRIM(_xlfn.LET( _xlpm.text,K56, _xlpm.startPos,IF(ISNUMBER(SEARCH("DEL =",_xlpm.text)),SEARCH("DEL =",_xlpm.text)+6,IF(ISNUMBER(SEARCH("=",_xlpm.text)),SEARCH("=",_xlpm.text)+2,1)), _xlpm.endPos,IFERROR(SEARCH(";",_xlpm.text,_xlpm.startPos),LEN(_xlpm.text)+1), MID(_xlpm.text,_xlpm.startPos,_xlpm.endPos-_xlpm.startPos) ))) -> Ludomir.Mossakowski@pmi.com | K56: DEL = Ludomir.Mossakowski@pmi.com; DE = Ludomir.Mossakowski@pmi.com; DN= Ludomir.Mossakowski@pmi.com; DA = Ludomir.Mossakowski@pmi.com; DS = Ludomir.Mossakowski@pmi.com; C1 = Ludomir.Mossakowski@pmi.com | L56: Wojciech.Przadka@pmi.com | M56: ludomir.mossakowski@pmi.com | N56: jelena.mirzojeva@pmi.com | O56: jelena.mirzojeva@pmi.com | P56: Joanna.Adamczak@pmi.com
A57: Market | B57: Portugal (PT) | C57: =IF(ISNUMBER(FIND("(",B57)),MID(B57,FIND("(",B57)+1,FIND(")",B57)-FIND("(",B57)-1),"") -> PT | D57: PT | E57: javier.corcuera@pmi.com | F57: =IF(G57="","",TRIM(IF(ISNUMBER(FIND(";",G57)),LEFT(G57,FIND(";",G57)-1),G57))) -> javier.corcuera@pmi.com | G57: javier.corcuera@pmi.com; Daniel.Serrano@pmi.com; Diogo.alvario@pmi.com; | H57: Andre.Silva@pmi.com | I57: Joao.Barros@pmi.com | J57: =IF(K57="","",TRIM(_xlfn.LET( _xlpm.text,K57, _xlpm.startPos,IF(ISNUMBER(SEARCH("DEL =",_xlpm.text)),SEARCH("DEL =",_xlpm.text)+6,IF(ISNUMBER(SEARCH("=",_xlpm.text)),SEARCH("=",_xlpm.text)+2,1)), _xlpm.endPos,IFERROR(SEARCH(";",_xlpm.text,_xlpm.startPos),LEN(_xlpm.text)+1), MID(_xlpm.text,_xlpm.startPos,_xlpm.endPos-_xlpm.startPos) ))) -> diogo.algarvio@pmi.com | K57: DEL = diogo.algarvio@pmi.com; DE = diogo.algarvio@pmi.com; DN= andre.silva@pmi.com; DA = andre.silva@pmi.com; DS = andre.silva@pmi.com; C1 = andre.silva@pmi.com | L57: andre.silva@pmi.com | M57: daniel.rodriguezlago@pmi.com | N57: Diogo.alvario@pmi.com | O57: Diogo.alvario@pmi.com | P57: Javier.Corcuera@pmi.com
A58: Function | B58: Procurement (PROC) | C58: =IF(ISNUMBER(FIND("(",B58)),MID(B58,FIND("(",B58)+1,FIND(")",B58)-FIND("(",B58)-1),"") -> PROC | D58: PROC | E58: ewa.kloc-kulesza@pmi.com | F58: =IF(G58="","",TRIM(IF(ISNUMBER(FIND(";",G58)),LEFT(G58,FIND(";",G58)-1),G58))) -> ewa.kloc-kulesza@pmi.com | G58: ewa.kloc-kulesza@pmi.com; Mariana.Simoes@pmi.com; | J58: =IF(K58="","",TRIM(_xlfn.LET( _xlpm.text,K58, _xlpm.startPos,IF(ISNUMBER(SEARCH("DEL =",_xlpm.text)),SEARCH("DEL =",_xlpm.text)+6,IF(ISNUMBER(SEARCH("=",_xlpm.text)),SEARCH("=",_xlpm.text)+2,1)), _xlpm.endPos,IFERROR(SEARCH(";",_xlpm.text,_xlpm.startPos),LEN(_xlpm.text)+1), MID(_xlpm.text,_xlpm.startPos,_xlpm.endPos-_xlpm.startPos) ))) -> Kloc-Kulesza, Ewa | K58: DE / DEL = Kloc-Kulesza, Ewa; DN = Mackenthun, Scott; DA = Detroyat, Jacques; DS = Semenov, Andrey | L58: Seifert, Bjoern | M58: Semenov, Andrey; Scott.Mackenthun@pmi.com | N58: Barc, Jacek | O58: Barc, Jacek | P58: Seifert, Bjoern
A59: Function | B59: Research and Development (CRND) | C59: =IF(ISNUMBER(FIND("(",B59)),MID(B59,FIND("(",B59)+1,FIND(")",B59)-FIND("(",B59)-1),"") -> CRND | D59: CRND | E59: ewa.kloc-kulesza@pmi.com | F59: =IF(G59="","",TRIM(IF(ISNUMBER(FIND(";",G59)),LEFT(G59,FIND(";",G59)-1),G59))) -> ewa.kloc-kulesza@pmi.com | G59: ewa.kloc-kulesza@pmi.com; Mariana.Simoes@pmi.com; | J59: =IF(K59="","",TRIM(_xlfn.LET( _xlpm.text,K59, _xlpm.startPos,IF(ISNUMBER(SEARCH("DEL =",_xlpm.text)),SEARCH("DEL =",_xlpm.text)+6,IF(ISNUMBER(SEARCH("=",_xlpm.text)),SEARCH("=",_xlpm.text)+2,1)), _xlpm.endPos,IFERROR(SEARCH(";",_xlpm.text,_xlpm.startPos),LEN(_xlpm.text)+1), MID(_xlpm.text,_xlpm.startPos,_xlpm.endPos-_xlpm.startPos) ))) -> Kloc-Kulesza, Ewa | K59: DE / DEL = Kloc-Kulesza, Ewa; DN = Mackenthun, Scott; DA = Detroyat, Jacques; DS = Semenov, Andrey | L59: Seifert, Bjoern | M59: Semenov, Andrey; Scott.Mackenthun@pmi.com | N59: Barc, Jacek | O59: Barc, Jacek | P59: Seifert, Bjoern
A60: Function | B60: Risk and Assurance (RISK) | C60: =IF(ISNUMBER(FIND("(",B60)),MID(B60,FIND("(",B60)+1,FIND(")",B60)-FIND("(",B60)-1),"") -> RISK | D60: RISK | E60: Bruna.Carvalho@pmi.com | F60: =IF(G60="","",TRIM(IF(ISNUMBER(FIND(";",G60)),LEFT(G60,FIND(";",G60)-1),G60))) -> Bruna.Carvalho@pmi.com Teresa.Fernandes@pmi.com Robert.Coates@pmi.com | G60: Bruna.Carvalho@pmi.com Teresa.Fernandes@pmi.com Robert.Coates@pmi.com; Przemyslaw.Dankiewicz@contracted.pmi.com | J60: =IF(K60="","",TRIM(_xlfn.LET( _xlpm.text,K60, _xlpm.startPos,IF(ISNUMBER(SEARCH("DEL =",_xlpm.text)),SEARCH("DEL =",_xlpm.text)+6,IF(ISNUMBER(SEARCH("=",_xlpm.text)),SEARCH("=",_xlpm.text)+2,1)), _xlpm.endPos,IFERROR(SEARCH(";",_xlpm.text,_xlpm.startPos),LEN(_xlpm.text)+1), MID(_xlpm.text,_xlpm.startPos,_xlpm.endPos-_xlpm.startPos) ))) -> Fernandes, Teresa | K60: DE / DEL = Fernandes, Teresa; DN = Mackenthun, Scott; DA = Detroyat, Jacques; DS = Semenov, Andrey | L60: Seifert, Bjoern | M60: Semenov, Andrey; Scott.Mackenthun@pmi.com | N60: Tjahjadi, Maria | O60: Tjahjadi, Maria | P60: Seifert, Bjoern
A61: Market | B61: Serbia (SEE Cluster) | C61: =IF(ISNUMBER(FIND("(",B61)),MID(B61,FIND("(",B61)+1,FIND(")",B61)-FIND("(",B61)-1),"") -> SEE Cluster | D61: SEE Cluster | E61: nenad.djordjevic@pmi.com | F61: =IF(G61="","",TRIM(IF(ISNUMBER(FIND(";",G61)),LEFT(G61,FIND(";",G61)-1),G61))) -> nenad.djordjevic@pmi.com | G61: nenad.djordjevic@pmi.com; Milan.Kovacevic@pmi.com; | H61: Nemanja.Petrasinovic@pmi.com | J61: =IF(K61="","",TRIM(_xlfn.LET( _xlpm.text,K61, _xlpm.startPos,IF(ISNUMBER(SEARCH("DEL =",_xlpm.text)),SEARCH("DEL =",_xlpm.text)+6,IF(ISNUMBER(SEARCH("=",_xlpm.text)),SEARCH("=",_xlpm.text)+2,1)), _xlpm.endPos,IFERROR(SEARCH(";",_xlpm.text,_xlpm.startPos),LEN(_xlpm.text)+1), MID(_xlpm.text,_xlpm.startPos,_xlpm.endPos-_xlpm.startPos) ))) -> Nenad.Djordjevic@pmi.com | K61: DEL = Nenad.Djordjevic@pmi.com; DE = Nenad.Djordjevic@pmi.com; DN= Nenad.Djordjevic@pmi.com; DA = Nenad.Djordjevic@pmi.com; DS = Nenad.Djordjevic@pmi.com; C1 = Nemanja.Petrasinovic@pmi.com | L61: Nemanja.Petrasinovic@pmi.com | M61: Milan.Kovacevic@pmi.com | N61: nenad.djordjevic@pmi.com | O61: nenad.djordjevic@pmi.com | P61: ivan.danilov@pmi.com
A62: Market | B62: Sub-Sahara Africa (CSSA) | C62: =IF(ISNUMBER(FIND("(",B62)),MID(B62,FIND("(",B62)+1,FIND(")",B62)-FIND("(",B62)-1),"") -> CSSA | D62: CSSA | E62: mthokozisi.nhlabatsi@contracted.pmi.com | F62: =IF(G62="","",TRIM(IF(ISNUMBER(FIND(";",G62)),LEFT(G62,FIND(";",G62)-1),G62))) -> mthokozisi.nhlabatsi@contracted.pmi.com | G62: mthokozisi.nhlabatsi@contracted.pmi.com; Mohammed.Abdelfattah@pmi.com; | H62: Kanny.Mbacke@pmi.com | J62: =IF(K62="","",TRIM(_xlfn.LET( _xlpm.text,K62, _xlpm.startPos,IF(ISNUMBER(SEARCH("DEL =",_xlpm.text)),SEARCH("DEL =",_xlpm.text)+6,IF(ISNUMBER(SEARCH("=",_xlpm.text)),SEARCH("=",_xlpm.text)+2,1)), _xlpm.endPos,IFERROR(SEARCH(";",_xlpm.text,_xlpm.startPos),LEN(_xlpm.text)+1), MID(_xlpm.text,_xlpm.startPos,_xlpm.endPos-_xlpm.startPos) ))) -> Pierre.Ndione@pmi.com | K62: DEL = Pierre.Ndione@pmi.com; DE = Danja.Fiford@pmi.com; DN= Pierre.Ndione@pmi.com; DA = Kanny.Mbacke@pmi.com; DS = Pierre.Ndione@pmi.com; C1 = Kanny.Mbacke@pmi.com | L62: Kanny.Mbacke@pmi.com | M62: danja.fiford@pmi.com | N62: mthokozisi.nhlabatsi@contracted.pmi.com | O62: Mohammed.Abdelfattah@pmi.com | P62: Mary.Mahuma@pmi.com;
A63: Market | B63: Spain (ES) | C63: =IF(ISNUMBER(FIND("(",B63)),MID(B63,FIND("(",B63)+1,FIND(")",B63)-FIND("(",B63)-1),"") -> ES | D63: ES | E63: javier.corcuera@pmi.com | F63: =IF(G63="","",TRIM(IF(ISNUMBER(FIND(";",G63)),LEFT(G63,FIND(";",G63)-1),G63))) -> javier.corcuera@pmi.com | G63: javier.corcuera@pmi.com; Daniel.Serrano@pmi.com; Diogo.Algarvio@pmi.com; | H63: Diana.Villamizar@pmi.com | I63: Miguel.Sepulveda@pmi.com | J63: =IF(K63="","",TRIM(_xlfn.LET( _xlpm.text,K63, _xlpm.startPos,IF(ISNUMBER(SEARCH("DEL =",_xlpm.text)),SEARCH("DEL =",_xlpm.text)+6,IF(ISNUMBER(SEARCH("=",_xlpm.text)),SEARCH("=",_xlpm.text)+2,1)), _xlpm.endPos,IFERROR(SEARCH(";",_xlpm.text,_xlpm.startPos),LEN(_xlpm.text)+1), MID(_xlpm.text,_xlpm.startPos,_xlpm.endPos-_xlpm.startPos) ))) -> diogo.algarvio@pmi.com | K63: DEL = diogo.algarvio@pmi.com; DE = diogo.algarvio@pmi.com; DN= Diana.Villamizar@pmi.com; DA = Diana.Villamizar@pmi.com; DS = Diana.Villamizar@pmi.com; C1 = Miguel.Sepulveda@pmi.com | L63: Diana.Villamizar@pmi.com | M63: daniel.rodriguezlago@pmi.com | N63: Diogo.alvario@pmi.com | O63: Diogo.alvario@pmi.com | P63: Javier.Corcuera@pmi.com
A64: Function | B64: Supply Chain (SPCH) | C64: =IF(ISNUMBER(FIND("(",B64)),MID(B64,FIND("(",B64)+1,FIND(")",B64)-FIND("(",B64)-1),"") -> SPCH | D64: SPCH | E64: kirill.ivanov@pmi.com | F64: =IF(G64="","",TRIM(IF(ISNUMBER(FIND(";",G64)),LEFT(G64,FIND(";",G64)-1),G64))) -> kirill.ivanov@pmi.com | G64: kirill.ivanov@pmi.com; ewa.kloc-kulesza@pmi.com; Mariana.Simoes@pmi.com; | J64: =IF(K64="","",TRIM(_xlfn.LET( _xlpm.text,K64, _xlpm.startPos,IF(ISNUMBER(SEARCH("DEL =",_xlpm.text)),SEARCH("DEL =",_xlpm.text)+6,IF(ISNUMBER(SEARCH("=",_xlpm.text)),SEARCH("=",_xlpm.text)+2,1)), _xlpm.endPos,IFERROR(SEARCH(";",_xlpm.text,_xlpm.startPos),LEN(_xlpm.text)+1), MID(_xlpm.text,_xlpm.startPos,_xlpm.endPos-_xlpm.startPos) ))) -> Kloc-Kulesza, Ewa | K64: DE / DEL = Kloc-Kulesza, Ewa; DN = Mackenthun, Scott; DA = Detroyat, Jacques; DS = Semenov, Andrey | L64: Seifert, Bjoern | M64: Semenov, Andrey; Scott.Mackenthun@pmi.com | N64: jacek.barc@pmi.com | O64: jacek.barc@pmi.com | P64: Seifert, Bjoern
A65: Function | B65: Sustainability (SUST) | C65: =IF(ISNUMBER(FIND("(",B65)),MID(B65,FIND("(",B65)+1,FIND(")",B65)-FIND("(",B65)-1),"") -> SUST | D65: SUST | E65: Cristina.Tsiambouris@pmi.com | F65: =IF(G65="","",TRIM(IF(ISNUMBER(FIND(";",G65)),LEFT(G65,FIND(";",G65)-1),G65))) -> Cristina.Tsiambouris@pmi.com | G65: Cristina.Tsiambouris@pmi.com; Carlos.Castillo1@pmi.com; | J65: =IF(K65="","",TRIM(_xlfn.LET( _xlpm.text,K65, _xlpm.startPos,IF(ISNUMBER(SEARCH("DEL =",_xlpm.text)),SEARCH("DEL =",_xlpm.text)+6,IF(ISNUMBER(SEARCH("=",_xlpm.text)),SEARCH("=",_xlpm.text)+2,1)), _xlpm.endPos,IFERROR(SEARCH(";",_xlpm.text,_xlpm.startPos),LEN(_xlpm.text)+1), MID(_xlpm.text,_xlpm.startPos,_xlpm.endPos-_xlpm.startPos) ))) -> Castillo, Carlos E. | K65: DE / DEL = Castillo, Carlos E.; DN = Mackenthun, Scott; DA = Detroyat, Jacques; DS = Semenov, Andrey | L65: Seifert, Bjoern | M65: Semenov, Andrey; Scott.Mackenthun@pmi.com | N65: Castillo, Carlos E. | O65: Castillo, Carlos E. | P65: Seifert, Bjoern
A66: Market | B66: Switzerland (CH) | C66: =IF(ISNUMBER(FIND("(",B66)),MID(B66,FIND("(",B66)+1,FIND(")",B66)-FIND("(",B66)-1),"") -> CH | D66: CH | E66: audrey.daboudet@pmi.com | F66: =IF(G66="","",TRIM(IF(ISNUMBER(FIND(";",G66)),LEFT(G66,FIND(";",G66)-1),G66))) -> audrey.daboudet@pmi.com | G66: audrey.daboudet@pmi.com; jairo.garcia@pmi.com; | H66: Antonios.Simadopoulos@pmi.com | J66: =IF(K66="","",TRIM(_xlfn.LET( _xlpm.text,K66, _xlpm.startPos,IF(ISNUMBER(SEARCH("DEL =",_xlpm.text)),SEARCH("DEL =",_xlpm.text)+6,IF(ISNUMBER(SEARCH("=",_xlpm.text)),SEARCH("=",_xlpm.text)+2,1)), _xlpm.endPos,IFERROR(SEARCH(";",_xlpm.text,_xlpm.startPos),LEN(_xlpm.text)+1), MID(_xlpm.text,_xlpm.startPos,_xlpm.endPos-_xlpm.startPos) ))) -> Audrey.Daboudet@pmi.com | K66: DEL = Audrey.Daboudet@pmi.com; DE = Audrey.Daboudet@pmi.com; DN= Audrey.Daboudet@pmi.com; DA = Audrey.Daboudet@pmi.com; DS = Audrey.Daboudet@pmi.com; C1 = Audrey.Daboudet@pmi.com | L66: Audrey.Daboudet@pmi.com | M66: Audrey.Daboudet@pmi.com | N66: Audrey.Daboudet@pmi.com | O66: Audrey.Daboudet@pmi.com | P66: Yann.Dreano@pmi.com
A67: Market | B67: Taiwan (TW) | C67: =IF(ISNUMBER(FIND("(",B67)),MID(B67,FIND("(",B67)+1,FIND(")",B67)-FIND("(",B67)-1),"") -> TW | D67: TW | E67: ping.gu@pmi.com | F67: =IF(G67="","",TRIM(IF(ISNUMBER(FIND(";",G67)),LEFT(G67,FIND(";",G67)-1),G67))) -> ping.gu@pmi.com | G67: ping.gu@pmi.com; YT.Chen@pmi.com; | J67: =IF(K67="","",TRIM(_xlfn.LET( _xlpm.text,K67, _xlpm.startPos,IF(ISNUMBER(SEARCH("DEL =",_xlpm.text)),SEARCH("DEL =",_xlpm.text)+6,IF(ISNUMBER(SEARCH("=",_xlpm.text)),SEARCH("=",_xlpm.text)+2,1)), _xlpm.endPos,IFERROR(SEARCH(";",_xlpm.text,_xlpm.startPos),LEN(_xlpm.text)+1), MID(_xlpm.text,_xlpm.startPos,_xlpm.endPos-_xlpm.startPos) ))) -> MinJung.Kim@pmi.com | K67: DEL = MinJung.Kim@pmi.com; DE = MinJung.Kim@pmi.com; DN= MinJung.Kim@pmi.com; DA = MinJung.Kim@pmi.com; DS = MinJung.Kim@pmi.com; C1 = MinJung.Kim@pmi.com | L67: MinJung.Kim@pmi.com | M67: Winnie.Soh@pmi.com | N67: Ping.Gu@pmi.com | O67: Sobitha.buthgamuwa@pmi.com | P67: ping.gu@pmi.com
A68: Market | B68: Thailand (TH) | C68: =IF(ISNUMBER(FIND("(",B68)),MID(B68,FIND("(",B68)+1,FIND(")",B68)-FIND("(",B68)-1),"") -> TH | D68: TH | E68: meteerat.taneerat@pmi.com | F68: =IF(G68="","",TRIM(IF(ISNUMBER(FIND(";",G68)),LEFT(G68,FIND(";",G68)-1),G68))) -> meteerat.taneerat@pmi.com | G68: meteerat.taneerat@pmi.com; trinhhuutai.le@vpmbr.com.vn; CharlesCedric.Tanedo@pmi.com | H68: Anamika.Tiwari@pmi.com | I68: CharlesCedric.Tanedo@pmi.com | J68: =IF(K68="","",TRIM(_xlfn.LET( _xlpm.text,K68, _xlpm.startPos,IF(ISNUMBER(SEARCH("DEL =",_xlpm.text)),SEARCH("DEL =",_xlpm.text)+6,IF(ISNUMBER(SEARCH("=",_xlpm.text)),SEARCH("=",_xlpm.text)+2,1)), _xlpm.endPos,IFERROR(SEARCH(";",_xlpm.text,_xlpm.startPos),LEN(_xlpm.text)+1), MID(_xlpm.text,_xlpm.startPos,_xlpm.endPos-_xlpm.startPos) ))) -> CharlesCedric.Tanedo@pmi.com | K68: DEL = CharlesCedric.Tanedo@pmi.com; DE = CharlesCedric.Tanedo@pmi.com; DN= CharlesCedric.Tanedo@pmi.com; DA = CharlesCedric.Tanedo@pmi.com; DS = CharlesCedric.Tanedo@pmi.com; C1 = CharlesCedric.Tanedo@pmi.com | L68: CharlesCedric.Tanedo@pmi.com | O68: meteerat.taneerat@pmi.com; | P68: charlescedric.tanedo@pmi.com
A69: Market | B69: Turkey | C69: =IF(ISNUMBER(FIND("(",B69)),MID(B69,FIND("(",B69)+1,FIND(")",B69)-FIND("(",B69)-1),"") | E69: Simge.Yildirim@pmi.com | F69: =IF(G69="","",TRIM(IF(ISNUMBER(FIND(";",G69)),LEFT(G69,FIND(";",G69)-1),G69))) -> Simge.Yildirim@pmi.com | G69: Simge.Yildirim@pmi.com; AkilayAhmet.Ispirlioglu@pmi.com; | J69: =IF(K69="","",TRIM(_xlfn.LET( _xlpm.text,K69, _xlpm.startPos,IF(ISNUMBER(SEARCH("DEL =",_xlpm.text)),SEARCH("DEL =",_xlpm.text)+6,IF(ISNUMBER(SEARCH("=",_xlpm.text)),SEARCH("=",_xlpm.text)+2,1)), _xlpm.endPos,IFERROR(SEARCH(";",_xlpm.text,_xlpm.startPos),LEN(_xlpm.text)+1), MID(_xlpm.text,_xlpm.startPos,_xlpm.endPos-_xlpm.startPos) ))) -> Simge.Yildirim@pmi.com | K69: DEL = Simge.Yildirim@pmi.com; DE = MelikeIrem.Senturk@pmi.com; DN= Simge.Yildirim@pmi.com; DA = Celal.Tangal@pmi.com; DS = Mustafa.Kose@pmi.com; C1 = MelikeIrem.Senturk@pmi.com | L69: AkilayAhmet.Ispirlioglu@pmi.com | M69: AkilayAhmet.Ispirlioglu@pmi.com | N69: Simge.Yildirim@pmi.com | O69: Simge.Yildirim@pmi.com | P69: dariia.zharkova@pmi.com
A70: Market | B70: Ukraine (UA) | C70: =IF(ISNUMBER(FIND("(",B70)),MID(B70,FIND("(",B70)+1,FIND(")",B70)-FIND("(",B70)-1),"") -> UA | D70: UA | E70: oleh.ivchenko@pmi.com | F70: =IF(G70="","",TRIM(IF(ISNUMBER(FIND(";",G70)),LEFT(G70,FIND(";",G70)-1),G70))) -> oleh.ivchenko@pmi.com | G70: oleh.ivchenko@pmi.com; bohdan.prokopets@contracted.pmi.com; Viktoriia.Olefir@pmi.com Stanislav.Leshchenko@pmi.com | I70: Stanislav.Leshchenko@pmi.com | J70: =IF(K70="","",TRIM(_xlfn.LET( _xlpm.text,K70, _xlpm.startPos,IF(ISNUMBER(SEARCH("DEL =",_xlpm.text)),SEARCH("DEL =",_xlpm.text)+6,IF(ISNUMBER(SEARCH("=",_xlpm.text)),SEARCH("=",_xlpm.text)+2,1)), _xlpm.endPos,IFERROR(SEARCH(";",_xlpm.text,_xlpm.startPos),LEN(_xlpm.text)+1), MID(_xlpm.text,_xlpm.startPos,_xlpm.endPos-_xlpm.startPos) ))) -> oleh.ivchenko@pmi.com | K70: DEL = oleh.ivchenko@pmi.com; DE = Stanislav.Leshchenko@pmi.com; DN= Stanislav.Leshchenko@pmi.com; DA = Stanislav.Leshchenko@pmi.com; DS = Stanislav.Leshchenko@pmi.com; C1 =Viktoriia.Olefir@pmi.com | L70: Viktoriia.Olefir@pmi.com | M70: oleh.ivchenko@pmi.com | N70: oleh.ivchenko@pmi.com | O70: bohdan.prokopets@contracted.pmi.com | P70: Mykola.Samarin@pmi.com
A71: Market | B71: United Kingdom (UK) | C71: =IF(ISNUMBER(FIND("(",B71)),MID(B71,FIND("(",B71)+1,FIND(")",B71)-FIND("(",B71)-1),"") -> UK | D71: UK | E71: Nikolay.Salionov@pmi.com | F71: =IF(G71="","",TRIM(IF(ISNUMBER(FIND(";",G71)),LEFT(G71,FIND(";",G71)-1),G71))) -> Nikolay.Salionov@pmi.com | G71: Nikolay.Salionov@pmi.com; Guilherme.Pedroso@pmi.com; | H71: Glyn.Davies@pmi.com | J71: =IF(K71="","",TRIM(_xlfn.LET( _xlpm.text,K71, _xlpm.startPos,IF(ISNUMBER(SEARCH("DEL =",_xlpm.text)),SEARCH("DEL =",_xlpm.text)+6,IF(ISNUMBER(SEARCH("=",_xlpm.text)),SEARCH("=",_xlpm.text)+2,1)), _xlpm.endPos,IFERROR(SEARCH(";",_xlpm.text,_xlpm.startPos),LEN(_xlpm.text)+1), MID(_xlpm.text,_xlpm.startPos,_xlpm.endPos-_xlpm.startPos) ))) -> Guilherme.Pedroso@pmi.com | K71: DEL = Guilherme.Pedroso@pmi.com; DE = Guilherme.Pedroso@pmi.com; DN= Guilherme.Pedroso@pmi.com; DA = Guilherme.Pedroso@pmi.com; DS = Guilherme.Pedroso@pmi.com; C1 = Guilherme.Pedroso@pmi.com | L71: Guilherme.Pedroso@pmi.com | M71: nikolay.salionov@pmi.com | N71: nikolay.salionov@pmi.com | O71: nikolay.salionov@pmi.com | P71: Bulent.Bilgili@pmi.com
A72: Market | B72: Uruguay (UY) | C72: =IF(ISNUMBER(FIND("(",B72)),MID(B72,FIND("(",B72)+1,FIND(")",B72)-FIND("(",B72)-1),"") -> UY | D72: UY | E72: gabriel.guzman@pmi.com | F72: =IF(G72="","",TRIM(IF(ISNUMBER(FIND(";",G72)),LEFT(G72,FIND(";",G72)-1),G72))) -> gabriel.guzman@pmi.com | G72: gabriel.guzman@pmi.com; Juan.GezDiLizio@pmi.com; Gonzalo.DiTullio@pmi.com; | H72: Noelia.Santorun@pmi.com | J72: =IF(K72="","",TRIM(_xlfn.LET( _xlpm.text,K72, _xlpm.startPos,IF(ISNUMBER(SEARCH("DEL =",_xlpm.text)),SEARCH("DEL =",_xlpm.text)+6,IF(ISNUMBER(SEARCH("=",_xlpm.text)),SEARCH("=",_xlpm.text)+2,1)), _xlpm.endPos,IFERROR(SEARCH(";",_xlpm.text,_xlpm.startPos),LEN(_xlpm.text)+1), MID(_xlpm.text,_xlpm.startPos,_xlpm.endPos-_xlpm.startPos) ))) | M72: Gonzalo.DiTullio@pmi.com | N72: Juan.GezDiLizio@pmi.com | O72: Juan.GezDiLizio@pmi.com | P72: Gabriel.Guzman@pmi.com
A73: Market | B73: USA (US) | C73: =IF(ISNUMBER(FIND("(",B73)),MID(B73,FIND("(",B73)+1,FIND(")",B73)-FIND("(",B73)-1),"") -> US | D73: US | E73: Rafik.Bhura@smpmi.com | F73: =IF(G73="","",TRIM(IF(ISNUMBER(FIND(";",G73)),LEFT(G73,FIND(";",G73)-1),G73))) -> Rafik.Bhura@smpmi.com | G73: Rafik.Bhura@smpmi.com; Rasik.Kotadia@smpmi.com; AnjiReddy.Gade@smpmi.com; Cerina.Lynne@smpmi.com | I73: AnjiReddy.Gade@smpmi.com | J73: =IF(K73="","",TRIM(_xlfn.LET( _xlpm.text,K73, _xlpm.startPos,IF(ISNUMBER(SEARCH("DEL =",_xlpm.text)),SEARCH("DEL =",_xlpm.text)+6,IF(ISNUMBER(SEARCH("=",_xlpm.text)),SEARCH("=",_xlpm.text)+2,1)), _xlpm.endPos,IFERROR(SEARCH(";",_xlpm.text,_xlpm.startPos),LEN(_xlpm.text)+1), MID(_xlpm.text,_xlpm.startPos,_xlpm.endPos-_xlpm.startPos) ))) -> Rafik.Bhura@smpmi.com | K73: DEL = Rafik.Bhura@smpmi.com; DE = Rafik.Bhura@smpmi.com; DN= Sheetal.Nayyar@smpmi.com; DA = AnjiReddy.Gade@smpmi.com; DS = Kyle.VanderBush@smpmi.com; C1 =Cerina.Lynne@smpmi.com | L73: Cerina.Lynne@smpmi.com | M73: Rafik.Bhura@smpmi.com; | N73: Rafik.Bhura@smpmi.com; | O73: AnjiReddy.Gade@smpmi.com; | P73: rafik.bhura@smpmi.com
A74: Market | B74: Zbeerka (EE) / Others | C74: =IF(ISNUMBER(FIND("(",B74)),MID(B74,FIND("(",B74)+1,FIND(")",B74)-FIND("(",B74)-1),"") -> EE | D74: EE | E74: oleh.ivchenko@pmi.com | F74: =IF(G74="","",TRIM(IF(ISNUMBER(FIND(";",G74)),LEFT(G74,FIND(";",G74)-1),G74))) -> oleh.ivchenko@pmi.com | G74: oleh.ivchenko@pmi.com; maksym.nechytailo@contracted.pmi.com; Mykola.Samarin@pmi.com DLPMITRISBI.IMDL@pmi.com; sofia.jorgensen@pmi.com; DLPMIINDpaasRunandSupport@pmi.com; Katarzyna.Wylezol@pmi.com; | I74: oleh.ivchenko@pmi.com | J74: =IF(K74="","",TRIM(_xlfn.LET( _xlpm.text,K74, _xlpm.startPos,IF(ISNUMBER(SEARCH("DEL =",_xlpm.text)),SEARCH("DEL =",_xlpm.text)+6,IF(ISNUMBER(SEARCH("=",_xlpm.text)),SEARCH("=",_xlpm.text)+2,1)), _xlpm.endPos,IFERROR(SEARCH(";",_xlpm.text,_xlpm.startPos),LEN(_xlpm.text)+1), MID(_xlpm.text,_xlpm.startPos,_xlpm.endPos-_xlpm.startPos) ))) -> oleh.ivchenko@pmi.com | K74: DEL = oleh.ivchenko@pmi.com; DE = oleh.ivchenko@pmi.com; DN= oleh.ivchenko@pmi.com; DA = oleh.ivchenko@pmi.com; DS = oleh.ivchenko@pmi.com; C1 = oleh.ivchenko@pmi.com | L74: Mykola.Samarin@pmi.com | M74: oleh.ivchenko@pmi.com | N74: oleh.ivchenko@pmi.com | O74: maksym.nechytailo@contracted.pmi.com | P74: Mykola.Samarin@pmi.com
